text,label,predicted_label,predicted_probability,prob_negative,prob_neutral,prob_positive
android marshmallow <number> . <number> . <number> won't let me log on the by existing account just keeps saying setting up bbm please fix,negative,negative,0.7065384984016418,0.7065384984016418,0.25548961758613586,0.037971824407577515
map animation stopped working,negative,negative,0.8696298599243164,0.8696298599243164,0.10895611345767975,0.021414056420326233
"good, but slow workflow.",positive,neutral,0.6997157335281372,0.022489238530397415,0.6997157335281372,0.2777950167655945
nice app to use with friends,neutral,positive,0.8416714668273926,0.01263818982988596,0.14569035172462463,0.8416714668273926
"i love this app, but i wish they had more outfit selections for maternity. other than that it's pretty awesome.",positive,positive,0.888486385345459,0.013315468095242977,0.09819809347391129,0.888486385345459
radar in motion won't work.,negative,negative,0.9416101574897766,0.9416101574897766,0.04818308353424072,0.010206801816821098
only opened <number> st <number> th pages of <url>,negative,negative,0.7068513631820679,0.7068513631820679,0.23940958082675934,0.053739067167043686
when i was being rained on it said no rain in your <url> it is still a good weather app.,neutral,neutral,0.5143618583679199,0.05538848415017128,0.5143618583679199,0.4302496612071991
everthing is tought before its use,neutral,negative,0.5347251892089844,0.5347251892089844,0.3785228729248047,0.08675190061330795
good content. worth downloading,neutral,positive,0.8047967553138733,0.011078204028308392,0.18412508070468903,0.8047967553138733
"it's a great and fun app for emoji use, i like the customization. but there needs to be more clothing and style options. i feel like there needs to be styles with clothing and hair, such as punk, goth, rocker, traditional, futuristic, fairy, and many more. other than wanting more styles to choose from this app is great",positive,positive,0.8689602613449097,0.014558049850165844,0.11648164689540863,0.8689602613449097
"wow, this is a terrible app. no open dialog or page goto. i had expected better from an actual adobe app.",negative,negative,0.9251031875610352,0.9251031875610352,0.060014061629772186,0.014882692135870457
i m fed of this <url> has posted it add every where,negative,negative,0.6876035332679749,0.6876035332679749,0.24659040570259094,0.06580601632595062
it is very usefull browser,positive,positive,0.8138646483421326,0.021798500791192055,0.16433687508106232,0.8138646483421326
its a bit slow vs thinking office and also text anti aliasing is bad,neutral,neutral,0.810690701007843,0.05316565930843353,0.810690701007843,0.13614366948604584
"it was great for me and the owner was very nice to us.,but the price change when i pay from <number> to <number>",neutral,positive,0.696310818195343,0.02286933921277523,0.280819833278656,0.696310818195343
provide some good <url> the only bad thing about this app is lack of good <url> hope you make it <url>,neutral,positive,0.6125162839889526,0.021311582997441292,0.36617207527160645,0.6125162839889526
problem with saving large photos plz fix ir,neutral,neutral,0.6175972819328308,0.2971057891845703,0.6175972819328308,0.08529694378376007
its a good app but we dont have a night mode option for reading in which the background becomes black and text becomes white in color.,positive,neutral,0.7711905837059021,0.0258382149040699,0.7711905837059021,0.20297114551067352
i hate the new version of bbm,negative,negative,0.9181655049324036,0.9181655049324036,0.06460729241371155,0.017227131873369217
is an interesting app to use.,positive,positive,0.8694584965705872,0.013665279373526573,0.11687619984149933,0.8694584965705872
"used to be great. now lots of issues with network. i keep getting no network errors, as failed to update errors even when signal is great, or i'm connected to my wi-fi at home.",neutral,negative,0.6209542155265808,0.6209542155265808,0.33351844549179077,0.045527372509241104
it always has me in virginia and i live in florida,neutral,positive,0.42266297340393066,0.1815679520368576,0.3957691192626953,0.42266297340393066
it is the very good ape to any one download,positive,positive,0.8485373258590698,0.01885409839451313,0.1326085478067398,0.8485373258590698
not up to the mark,neutral,neutral,0.5399848818778992,0.39029863476753235,0.5399848818778992,0.06971651315689087
useless boring it's of no use now days just like mxit,negative,negative,0.868455171585083,0.868455171585083,0.10799188911914825,0.023552963510155678
very easy to use,positive,positive,0.900180459022522,0.016202056780457497,0.08361747860908508,0.900180459022522
worst upadate this update dont respond whenever i access my download section so hated it.,negative,negative,0.9480035901069641,0.9480035901069641,0.040449436753988266,0.011546943336725235
i have lots of state that i watch. my home town will not show what it feels like. all the others do. i have tried a few different things and it won't work. don't understand but it is important to me to know how cold it feels out. i can go to hourly and it tells me but should not have to! i'm uninstalling!,neutral,negative,0.803311288356781,0.803311288356781,0.16668350994586945,0.030005130916833878
better and more accurate then most other weather apps.,positive,positive,0.7468520402908325,0.02174660563468933,0.23140136897563934,0.7468520402908325
fun!!! just wish i could make one of my bf.,neutral,positive,0.8687639236450195,0.02233375608921051,0.10890233516693115,0.8687639236450195
worthless does not open password protected pdf as stated,negative,negative,0.8907710313796997,0.8907710313796997,0.09155745059251785,0.017671506851911545
shoddy ui and keeps logging me out,negative,negative,0.7438560128211975,0.7438560128211975,0.22004680335521698,0.03609717637300491
"very accurate, which is important! how about a <number> x <number> widget?",positive,positive,0.8052575588226318,0.01591753400862217,0.17882494628429413,0.8052575588226318
i like the set up.,positive,positive,0.8680633306503296,0.01269246730953455,0.11924423277378082,0.8680633306503296
"looks interesting at initial install, however the advertisement photos and the camera lay out are different to my install on a samsung galaxy note <number> . missing too many features compared to the full pc. version, particularly tagging and indexing. camera is not as good as the original camera being on the dark side. a nice app. however adds not enough to warrant keeping. perhaps in the future updates. most notably is missing the side by side photo comparison which was the main reason for installation.",neutral,neutral,0.7375229597091675,0.025654684752225876,0.7375229597091675,0.23682241141796112
nexus <number> and samsung s <number>,positive,neutral,0.45445486903190613,0.3436889350414276,0.45445486903190613,0.20185621082782745
"crashing. app crashes and freezes constantly. on htc one m <number> , and the app is completely broken.",negative,negative,0.934532642364502,0.934532642364502,0.05106229707598686,0.014405098743736744
plz provide watermarking <url>,positive,positive,0.48092421889305115,0.11520121991634369,0.40387457609176636,0.48092421889305115
u can download all movies in any language at movie <url> it okkk,neutral,neutral,0.5376127362251282,0.4073120355606079,0.5376127362251282,0.05507522448897362
pls add more features for android like iphone features,neutral,positive,0.639346182346344,0.03168103098869324,0.328972727060318,0.639346182346344
nice app but when i taking picture with this app i have little problem here the range have limited only <number> - <number> meter even i set focus to infinity still can't get to it. i shoot with pro mode <url> you can fix that it will be <url>,neutral,positive,0.6327585577964783,0.01815001852810383,0.34909141063690186,0.6327585577964783
it's not a web browser. it's an ad browser,negative,negative,0.8270679116249084,0.8270679116249084,0.15212497115135193,0.020807091146707535
a lot of a bug here,negative,negative,0.6756072044372559,0.6756072044372559,0.27528610825538635,0.04910668730735779
shame forest starts again every day would be nice to build a huge forest like monthly or so,positive,neutral,0.5648618340492249,0.14359064400196075,0.5648618340492249,0.2915475368499756
"this app is so fun! my friends and family love exchanging silly bitmojis in our texts. the only reason why i gave it <number> stars is because i wish there was a way for your to organize the bitmojis, so you can quickly access certain ones instead of having to scroll through them or search. also, the outfits are pretty awful. they need a little more fashion. lol however, the art and creativity in the bitmojis are terrific!",positive,positive,0.7394523620605469,0.033231284469366074,0.22731639444828033,0.7394523620605469
i love it but we need video support!,neutral,positive,0.7612375020980835,0.0296727754175663,0.2090897411108017,0.7612375020980835
the app is is good but,neutral,neutral,0.7763750553131104,0.03337092325091362,0.7763750553131104,0.19025400280952454
it is taking forever to load. never had this issue before. just started a few weeks ago,neutral,negative,0.6098892688751221,0.6098892688751221,0.3331643342971802,0.05694645270705223
map stopped animating over a week ago on my samsung galaxy s <number> . please fix. used to be the <signature>,negative,negative,0.6177477240562439,0.6177477240562439,0.3285425007343292,0.05370974540710449
"it definitely helps me stay focused and off my phone. the one complaint i have is that when i have my phone on silent/vibrate, when i plant a tree my phone goes into standard/sounds on mode. i don't like that at all, i have it on silent for a reason.",positive,positive,0.6827686429023743,0.01804877631366253,0.29918262362480164,0.6827686429023743
one   for doing this nasty ios port,negative,negative,0.8317898511886597,0.8317898511886597,0.12238308042287827,0.04582715407013893
unmounted my sd card,negative,negative,0.9037545323371887,0.9037545323371887,0.07762085646390915,0.018624581396579742
why can i not delete saved locations? and ive read thtough it many times and dont see anyway at all to delte previously saved locations!!? im going to have to uninstall the app and then reinstall it to reset this location deleting issue u have!?!???,neutral,negative,0.8363739252090454,0.8363739252090454,0.14497017860412598,0.018655937165021896
"lacks capability to browse for local file. no goto page option, <number> page documents impossible to read. no 'bookmark' to save <url> apps avail",negative,negative,0.619051992893219,0.619051992893219,0.3460904061794281,0.034857600927352905
bbm is easy to use and simple way for chating to my friends and <url> !,neutral,positive,0.860438346862793,0.015110915526747704,0.12445071339607239,0.860438346862793
make it better please,positive,neutral,0.49191078543663025,0.05245986208319664,0.49191078543663025,0.4556293785572052
"i liked the game as well as the concept. it would be better if it gave a sort of buzzer when time was up, and if you could add some personalization.",positive,positive,0.7915999889373779,0.01485710684210062,0.19354288280010223,0.7915999889373779
"useful app nice app for opening documents, no adverts,easy to use and doesn't need a lot of experience",positive,positive,0.889239490032196,0.010662948712706566,0.10009752213954926,0.889239490032196
easy to book and great choice and information.,positive,positive,0.9264362454414368,0.014191062189638615,0.05937264859676361,0.9264362454414368
never trust earth networks again,negative,negative,0.9037420749664307,0.9037420749664307,0.07796384394168854,0.01829404942691326
what happened to the elite version i paid for?,negative,negative,0.9002894163131714,0.9002894163131714,0.078994520008564,0.02071601338684559
lots of problems with the map,neutral,neutral,0.6830360293388367,0.17701181769371033,0.6830360293388367,0.13995212316513062
simple and easy to use,positive,positive,0.8626720309257507,0.016158826649188995,0.12116920202970505,0.8626720309257507
"enjoyed the app until the <url> then the ticker quit <url> the pop up ads in the ticker are annoying. when you get all that shut off in settings, it works great!",positive,positive,0.7409051656723022,0.025729553773999214,0.23336535692214966,0.7409051656723022
radar does not work. will not stay on my home city.,negative,negative,0.9449467658996582,0.9449467658996582,0.04459729418158531,0.010455945506691933
it would be nice if it was in different languages.,neutral,positive,0.5201582312583923,0.019341211766004562,0.4605005383491516,0.5201582312583923
some tools can be available and improved without having to open an account or sign in each time like with drive but in general is pretty useful and have good features also please create the bin icon instead of the <number> dots and once you choose a file you can't delete only if you go back,positive,positive,0.7450628280639648,0.014473258517682552,0.24046392738819122,0.7450628280639648
"i love it! however, i do a lot of work on my phone and so i would like an option to run the app while using my phone, without it killing a tree!",positive,positive,0.8910295367240906,0.02558315545320511,0.08338730037212372,0.8910295367240906
good app easy to use. the lens correction function doesn't seem to work though. but maybe i am unaware of how it's supposed to work.,positive,positive,0.6970365643501282,0.012323565781116486,0.2906399071216583,0.6970365643501282
there should be feature by which we can see who saw my message in a group and who doesn't. like we have in what's app,positive,positive,0.5527846813201904,0.018766868859529495,0.4284484386444092,0.5527846813201904
"can we get this to, somehow, plant an actual tree? say, for a certain amount of trees grown succesfully a tree gets planted at some forest in need.",negative,neutral,0.5604782104492188,0.07730112224817276,0.5604782104492188,0.36222073435783386
contains alot of ads,positive,neutral,0.6267257928848267,0.15629664063453674,0.6267257928848267,0.21697759628295898
can't search area,negative,negative,0.5871277451515198,0.5871277451515198,0.3765322268009186,0.036339983344078064
good app for team communications,positive,positive,0.7472549676895142,0.013092119246721268,0.23965291678905487,0.7472549676895142
stopped showing up in my status bar,neutral,negative,0.7813448905944824,0.7813448905944824,0.17789511382579803,0.04076000675559044
use it for studying,positive,positive,0.6964133381843567,0.05746196582913399,0.24612471461296082,0.6964133381843567
too much ads i dont want uc news stop showing me ads to download uc news,negative,negative,0.8701627254486084,0.8701627254486084,0.11415199190378189,0.01568526029586792
installed this app on my zt <number> tablet but wont work annoying!,negative,negative,0.917340874671936,0.917340874671936,0.06959357112646103,0.0130655812099576
the tree does not die no matter which app i <url> i have tried every setting possible but it doesnot <url>,negative,negative,0.7362444400787354,0.7362444400787354,0.21264679729938507,0.051108747720718384
i love  this app,positive,positive,0.5053256750106812,0.23506051301956177,0.25961384177207947,0.5053256750106812
need to have female and males,neutral,neutral,0.6567679047584534,0.1898423135280609,0.6567679047584534,0.1533898562192917
add tick tick clock sound in it,positive,positive,0.5300804376602173,0.028783787041902542,0.4411357343196869,0.5300804376602173
the radar won't work with samsung galaxy s <number> . so lame,negative,negative,0.8821903467178345,0.8821903467178345,0.09964911639690399,0.018160466104745865
great app. and loads pdf docs faster than many other apps,positive,positive,0.8996245265007019,0.020380061119794846,0.07999542355537415,0.8996245265007019
"fun app! wish i could draw some added details, but fun anyway.",positive,positive,0.7890750765800476,0.014838133938610554,0.1960868537425995,0.7890750765800476
pretty cool app to have.,positive,positive,0.6129829287528992,0.03562010079622269,0.35139697790145874,0.6129829287528992
"clumsy auto-import, but great overall",positive,neutral,0.6457303762435913,0.029966313391923904,0.6457303762435913,0.3243032693862915
useless without raw support,negative,negative,0.9260484576225281,0.9260484576225281,0.05750656872987747,0.01644495688378811
tried to use it for my team at work but they just wanted to use the whatsapp groups they currently do which is basically the same thing.,neutral,neutral,0.4849833846092224,0.3867841958999634,0.4849833846092224,0.1282324194908142
i think this a smart browser but opera mini fast then uc but good effort by devolpers,positive,positive,0.5513007044792175,0.01757565140724182,0.43112361431121826,0.5513007044792175
i am facing problem while using it needed to work on user interface its getting slow and hangs sometimes,neutral,neutral,0.5271115303039551,0.37520432472229004,0.5271115303039551,0.09768417477607727
"it's an ok app, compared to whatsapp and line messenger",neutral,neutral,0.634678304195404,0.018464595079421997,0.634678304195404,0.3468571603298187
"won't open any .pdf files on my tmo vibrant (bionix <number> . <number> ), useless.",negative,negative,0.9521897435188293,0.9521897435188293,0.038172345608472824,0.009637906216084957
can you fix the quality of display picture,positive,neutral,0.550778329372406,0.04992234334349632,0.550778329372406,0.39929941296577454
can't move app to sd card,neutral,neutral,0.6186760663986206,0.33051592111587524,0.6186760663986206,0.050808098167181015
good app but more facilities we exprcted,neutral,neutral,0.5405073761940002,0.021605677902698517,0.5405073761940002,0.4378869831562042
app works great. consider changing the red triangular notification to a solid red color in the notification bar in android. on my note <number> it appears as transparent in the notification bar at the top.,positive,positive,0.7260861396789551,0.015796512365341187,0.25811731815338135,0.7260861396789551
plz update it it stick in the loading screen forever,negative,neutral,0.5174144506454468,0.3734622299671173,0.5174144506454468,0.1091233342885971
i like it but i wish there were more things and i wish we could customize shirts and stuff,positive,positive,0.8288810849189758,0.014954660087823868,0.1561642438173294,0.8288810849189758
my messages aren't going through to anyone. please fix immediately.,neutral,neutral,0.5603178143501282,0.31271621584892273,0.5603178143501282,0.1269659399986267
"i love it, but i'll select one to use and then it will show the new one sent, but a short time later, it will show that i resent an old one, not the one i just selected.",neutral,positive,0.741132915019989,0.0273638516664505,0.2315032184123993,0.741132915019989
my radar has stopped working! i've never had a problem with it until today please fix!,negative,negative,0.7220929265022278,0.7220929265022278,0.2323397845029831,0.04556719958782196
working properly for awhile and crashes later on,neutral,neutral,0.4803563058376312,0.4212183356285095,0.4803563058376312,0.09842541068792343
"a well-crafted, simple app",positive,positive,0.9150101542472839,0.01698198914527893,0.06800783425569534,0.9150101542472839
it was okay at the start and got me focussed but my phone's screen timed out and locked and then my tree withered. please fix this,negative,neutral,0.732208251953125,0.0916314497590065,0.732208251953125,0.1761602759361267
it's pretty useful!,positive,positive,0.7606016993522644,0.013162419199943542,0.22623582184314728,0.7606016993522644
why can my friends get the bitmojis with two people but i can't? frustrated.,neutral,neutral,0.551180899143219,0.3264423608779907,0.551180899143219,0.12237673252820969
remove obscene quotes and gestures,negative,negative,0.46379226446151733,0.46379226446151733,0.4140869677066803,0.12212077528238297
pretty good. app wish it let you face scan yourself.,positive,positive,0.7526335716247559,0.013478086329996586,0.23388832807540894,0.7526335716247559
very good but crashes often,neutral,neutral,0.5881973505020142,0.044540196657180786,0.5881973505020142,0.3672625422477722
"lacking lens correction and blur features, otherwise i'd love it. please consider adding these, otherwise i'll have to use photo mate r <number> , cause while it doesn't have blur feature's it has great lens correction features so i can get my chromatic aberration effect : <number>",positive,positive,0.5015618205070496,0.02617998979985714,0.47225823998451233,0.5015618205070496
the animation stopped working please fix!,negative,negative,0.8343517780303955,0.8343517780303955,0.13903486728668213,0.026613419875502586
goood one no one can see images unless u do hd,positive,negative,0.7665040493011475,0.7665040493011475,0.2023020088672638,0.031193913891911507
the app lags and consume lots of space.,negative,neutral,0.5790695548057556,0.34902724623680115,0.5790695548057556,0.07190319150686264
"great app, using for an <url> but, could it be upgraded with the feature 'desktop mode' ?",positive,positive,0.7641268968582153,0.015606085769832134,0.22026698291301727,0.7641268968582153
it was good before,neutral,neutral,0.6632892489433289,0.165896937251091,0.6632892489433289,0.17081376910209656
i like the old spark better it was more accurate cuz it told you exactly how many miles away the lightning was now you gotta zoom in on the map just to see in a round about ways of where the lightning <url>,neutral,positive,0.666577160358429,0.020741842687129974,0.3126809895038605,0.666577160358429
"i really like it, but for a while now it hasn't been making my tree die when i touch my phone. also, after completing a set amount of time there's another number underneath my tree. i can't figure out what this means.",positive,neutral,0.5892173051834106,0.052640341222286224,0.5892173051834106,0.35814231634140015
annoying buttons below the chat text box.,neutral,neutral,0.6911289691925049,0.18495990335941315,0.6911289691925049,0.12391112744808197
i like this app for esuy to watch movie,positive,positive,0.8831061720848083,0.017318816855549812,0.09957503527402878,0.8831061720848083
"aaa please tell me why it doesnt show my cherry blossom <url> i just unlocked it with <number> coins, and i cant find it to grow it. arghh its frustrating.",neutral,negative,0.6154410243034363,0.6154410243034363,0.34392938017845154,0.04062949866056442
needs to save where you last left off thats all it needs <number> stars when it updates,neutral,neutral,0.5730770230293274,0.36161506175994873,0.5730770230293274,0.06530793756246567
the app draws the mobile addict in you and plays with his/her psyche.,positive,positive,0.7443824410438538,0.06868918985128403,0.1869284063577652,0.7443824410438538
it is helpful for fast downloading,positive,positive,0.815758466720581,0.013275166042149067,0.17096637189388275,0.815758466720581
hard to access emojis/sticker,positive,negative,0.6363075375556946,0.6363075375556946,0.3210722804069519,0.0426202118396759
why this app has become so big? earlier it used to be only <number> mbs now its <number> . please reduce the size. <signature>,neutral,neutral,0.6251868009567261,0.25579747557640076,0.6251868009567261,0.119015634059906
directions make no sense,negative,negative,0.7668532133102417,0.7668532133102417,0.19315476715564728,0.03999203070998192
great app for photography but,neutral,positive,0.7744988799095154,0.020242709666490555,0.20525845885276794,0.7744988799095154
why can't they fix these issues,neutral,negative,0.6082684993743896,0.6082684993743896,0.3210435211658478,0.07068797945976257
not working with whats app,negative,negative,0.8912175893783569,0.8912175893783569,0.09392867237329483,0.014853703789412975
you have to put the search option in the app,positive,neutral,0.4981116056442261,0.3956579864025116,0.4981116056442261,0.10623042285442352
"its very usefull, also good <url> !!!",positive,positive,0.9006404280662537,0.013018292374908924,0.08634127676486969,0.9006404280662537
"its good. but the problem is whenever i charge my phone, and the forest app has been running, the moment the charging the moment the tree died. and i do not get a single coin. lol is not my fault that the tree died, but what i got-o coins and a dead tree.",neutral,neutral,0.8191332817077637,0.03108206018805504,0.8191332817077637,0.14978466928005219
tel me what to do,positive,neutral,0.5615140795707703,0.2407967895269394,0.5615140795707703,0.19768911600112915
some websites say i don't have adobe even though i have this loaded.,neutral,negative,0.48405346274375916,0.48405346274375916,0.4337107837200165,0.08223576843738556
it is easy to find your distination but there is always a less price,neutral,positive,0.5710322856903076,0.029113134369254112,0.39985454082489014,0.5710322856903076
i havent many friends here,positive,negative,0.6602901816368103,0.6602901816368103,0.2921777367591858,0.047532062977552414
"would like updates on the sun over a <number> hour loop, as well as wind maps, water temps. but one of the <signature>",positive,positive,0.6678997874259949,0.017903292551636696,0.31419694423675537,0.6678997874259949
where are the local adjustments?,positive,neutral,0.5876883864402771,0.2196616232395172,0.5876883864402771,0.1926499754190445
very easy to <url>,neutral,positive,0.8962225317955017,0.015801377594470978,0.08797603845596313,0.8962225317955017
easy to use very good deal.,positive,positive,0.9156564474105835,0.01221903134137392,0.07212449610233307,0.9156564474105835
this app doesnt want to sign me up,neutral,negative,0.9401861429214478,0.9401861429214478,0.050369132310152054,0.009444652125239372
always showing install even it has already installed,positive,positive,0.6617438793182373,0.08536171913146973,0.25289440155029297,0.6617438793182373
the zooming feature is slow and consequently difficult to use.,neutral,neutral,0.7632686495780945,0.1299336701631546,0.7632686495780945,0.10679764300584793
great tool for on the go!,positive,positive,0.9052695631980896,0.016817446798086166,0.07791303098201752,0.9052695631980896
raw format not supported,neutral,neutral,0.6139532923698425,0.30951088666915894,0.6139532923698425,0.07653579860925674
"it's a cool thing to have, but it won't sync up with the mozilla addon",positive,neutral,0.7418435215950012,0.028284424915909767,0.7418435215950012,0.22987200319766998
great app but keeps crashing,neutral,neutral,0.4837152361869812,0.04959946125745773,0.4837152361869812,0.4666852653026581
"bbm is good ,hate the adverts",positive,neutral,0.6276370286941528,0.25141769647598267,0.6276370286941528,0.12094532698392868
how about a tablet ui?,neutral,neutral,0.541724443435669,0.08561372756958008,0.541724443435669,0.37266185879707336
prefer the website more,neutral,neutral,0.5289537906646729,0.08613209426403046,0.5289537906646729,0.3849141299724579
"good design. hope the plant real trees is a true story! also, why the highest ranking people are mostly asian? should expand your customers",positive,positive,0.8609920144081116,0.012164811603724957,0.12684319913387299,0.8609920144081116
"i am not disappointed, but pixlr is still a way better software.",neutral,neutral,0.5742987394332886,0.07439267635345459,0.5742987394332886,0.35130858421325684
"i love playing with bitmojis. the clothes in the personalization could use some updating, though. very little are things i'd ever actually wear. it would also be nice to add friends directly on the app to interact with their own bitmojis outside of snapchat.",positive,positive,0.8691502809524536,0.01473832968622446,0.11611142754554749,0.8691502809524536
i love it. i just wish i could delete images that i find offensive and would never use.,positive,positive,0.8279268741607666,0.045770253986120224,0.1263028383255005,0.8279268741607666
i think in the new update they let you color customize any hair style and let you put cuts in your eyebrows.,positive,positive,0.7336636781692505,0.032804206013679504,0.2335321307182312,0.7336636781692505
automatically resizes with no way to change!!,negative,negative,0.9275633096694946,0.9275633096694946,0.05926838889718056,0.013168279081583023
don't like the new update,positive,neutral,0.6958832144737244,0.20497307181358337,0.6958832144737244,0.09914372116327286
i like my bbm now . <signature>,positive,positive,0.7977994680404663,0.02982509322464466,0.1723753660917282,0.7977994680404663
no more trees since update. just shrubs :'(,positive,neutral,0.590756893157959,0.2668841481208801,0.590756893157959,0.1423589140176773
would not updated on my phone and i tried like <number> times,negative,negative,0.5344803333282471,0.5344803333282471,0.4134841561317444,0.05203552916646004
"needs more body shapes and sizes, as well as face lines around nose/cheeks",positive,neutral,0.5582227110862732,0.02722860872745514,0.5582227110862732,0.41454869508743286
took away floating head in txt,negative,negative,0.8792515993118286,0.8792515993118286,0.09692485630512238,0.023823456838726997
stopped working on my phone since the last update. will bring rating up when the problem is fixed.,negative,negative,0.6737114787101746,0.6737114787101746,0.2882417142391205,0.03804680332541466
works well. most of my pdf files require me to enter a username and password. this app will not allow me to. any chance of adding that?,neutral,neutral,0.5427449345588684,0.021705500781536102,0.5427449345588684,0.4355495274066925
"it's <url> ,add select area <url> mean make selection by <url>",neutral,neutral,0.5264436602592468,0.03871876746416092,0.5264436602592468,0.43483757972717285
app doesn't always work. temp won't show in n status bar. doesn't keep track of moving locations,neutral,negative,0.8217283487319946,0.8217283487319946,0.15922309458255768,0.019048580899834633
i hate this update,negative,negative,0.9247134327888489,0.9247134327888489,0.06032666563987732,0.014959876425564289
new updates are beyond worse,negative,negative,0.5272179245948792,0.5272179245948792,0.38056620955467224,0.09221591055393219
where is wbug elite i paid for???,negative,negative,0.8133741021156311,0.8133741021156311,0.15761426091194153,0.029011650010943413
make the time lapse between editing each feature shorter,positive,neutral,0.756065845489502,0.04899946600198746,0.756065845489502,0.19493471086025238
add one more feature,positive,positive,0.5719382762908936,0.04532836377620697,0.38273340463638306,0.5719382762908936
the app was useful but avg virus scanner said it contains malware so i'm uninstalling to be safe,negative,neutral,0.7546448707580566,0.10939887166023254,0.7546448707580566,0.13595633208751678
i couldn't open it.,negative,negative,0.8842453360557556,0.8842453360557556,0.09766053408384323,0.018094193190336227
i think that uc is very nice,neutral,positive,0.8054306507110596,0.020751239731907845,0.17381805181503296,0.8054306507110596
mis the original bbm,negative,negative,0.7800736427307129,0.7800736427307129,0.17997902631759644,0.039947330951690674
new ui tanks usability,negative,positive,0.5745543241500854,0.06762070208787918,0.3578249216079712,0.5745543241500854
this app is so good,positive,positive,0.6772053837776184,0.0214190986007452,0.30137550830841064,0.6772053837776184
doesn't work on my htc droid eris!! can't open pdf attached emails. uninstalling!!,negative,negative,0.9514469504356384,0.9514469504356384,0.03925739601254463,0.009295639581978321
it's very good app for android mobile s,positive,positive,0.8658507466316223,0.013027065433561802,0.12112214416265488,0.8658507466316223
temp is all wrong,neutral,negative,0.8628362417221069,0.8628362417221069,0.11377779394388199,0.023385951295495033
id's easy to use and very helpful,positive,positive,0.8811448216438293,0.010714815929532051,0.10814040154218674,0.8811448216438293
"it seems everytime we're about to get severe weather, the app stops working. radar doesn't work, storm tracking doesn't <url> most critical time for something to work is during or before a storm, such as we're supposed to get today. this app works great on bright, sunny <url> 't depend on it if a storm is brewing though. it will quit working on you.",neutral,neutral,0.6123305559158325,0.31140562891960144,0.6123305559158325,0.07626378536224365
i guess its just the world i live in???,negative,neutral,0.6568651795387268,0.13617035746574402,0.6568651795387268,0.20696447789669037
just an idea. when editing/creating my bitmoji i think it'd be neat to have the option to mix and match parts of different outfits together or even change colours of parts.,positive,positive,0.6445810198783875,0.021046632900834084,0.33437231183052063,0.6445810198783875
app is good. no weather forecast is <url> very vague predictions.,positive,neutral,0.811125636100769,0.08852759748697281,0.811125636100769,0.10034675151109695
cannot attach pictures to reviews,neutral,neutral,0.5250993371009827,0.4132671058177948,0.5250993371009827,0.061633575707674026
great weather app! easy to use and quick to load. only wish it was easy to find a forecast video on it.,positive,positive,0.9164769649505615,0.012258332222700119,0.07126466929912567,0.9164769649505615
issue on local wifi,neutral,neutral,0.48920804262161255,0.43111592531204224,0.48920804262161255,0.07967600971460342
i dont like this app,negative,negative,0.8273156881332397,0.8273156881332397,0.14846712350845337,0.024217156693339348
on the right track,positive,neutral,0.5090711712837219,0.07041686028242111,0.5090711712837219,0.42051196098327637
best app for browsing,positive,positive,0.846614420413971,0.01257537305355072,0.14081022143363953,0.846614420413971
needs a dark mode for the notification bar. hate the bright white glaring at me.,positive,neutral,0.7655150294303894,0.1259155124425888,0.7655150294303894,0.1085694283246994
"good app, but it doesn't support gif in android",positive,neutral,0.7992436289787292,0.04236971586942673,0.7992436289787292,0.15838664770126343
<salutation> i tried to sign in and i gave my email and password and from u a email also came but what next to <url> tried to click check again and continue but nothing happened,positive,negative,0.7613928914070129,0.7613928914070129,0.1915891319513321,0.047017961740493774
been using for several months now as a communication tool for various members of a nonprofit organization. it's only downfall that i can see are the occasional missed update alert and that there is no notification badge on the icon.,positive,neutral,0.5014652013778687,0.08580923825502396,0.5014652013778687,0.4127255976200104
works for what i need,positive,positive,0.799199104309082,0.04241003096103668,0.1583908498287201,0.799199104309082
it's saying it's not up to date so i can't view my file. -htc evo,neutral,neutral,0.6168813705444336,0.3158441185951233,0.6168813705444336,0.0672745481133461
when you know how to use it it's pretty fun and useful same with adobe photoshop touch i have a ton of fun with that but you just have to know how to use it or it will not be fun that's why people are reading it for star i read it <number> stars i love it but only because i know how to use it,positive,positive,0.6427295804023743,0.022807687520980835,0.3344627320766449,0.6427295804023743
best app ever ( my opinion),negative,positive,0.7798752188682556,0.0327032208442688,0.187421515583992,0.7798752188682556
doesn't tie your account to gmail - so every new phone (or reflash) you have to retype <url>,negative,negative,0.6254044771194458,0.6254044771194458,0.34156784415245056,0.033027686178684235
great application for team collaboration,positive,positive,0.9022921919822693,0.017415568232536316,0.08029217272996902,0.9022921919822693
"crash easily,make my phone <url> its a great <url> u!",positive,neutral,0.5921120643615723,0.08143328875303268,0.5921120643615723,0.32645466923713684
the menu bar above keyboard is annoying,positive,neutral,0.7613928318023682,0.14242960512638092,0.7613928318023682,0.09617763757705688
it's an essential tool.,positive,positive,0.8469680547714233,0.022362738847732544,0.13066916167736053,0.8469680547714233
this bbm doesnt work properly with the samsung notebook <number> . it is always showing limited bbm access. pls fix this,neutral,negative,0.8546817302703857,0.8546817302703857,0.12863950431346893,0.016678694635629654
"unless i open the app, i get no notifications even when my name is mentioned",negative,negative,0.6475837826728821,0.6475837826728821,0.30792543292045593,0.04449082538485527
it's good app but need more apps related chat process,positive,positive,0.581224799156189,0.014031392522156239,0.40474382042884827,0.581224799156189
"doesn't open all pdfs. i do a lot of work dealing with architectural plans. this does not render all of the pdfs (some open fine, others open blank).",negative,negative,0.6310915946960449,0.6310915946960449,0.336649090051651,0.0322592556476593
quick way to book a motel when you need too,neutral,positive,0.7435395121574402,0.019633308053016663,0.23682717978954315,0.7435395121574402
can get out of the app by home button and use your <url> timer runs in the <url>,neutral,neutral,0.7037700414657593,0.11867118626832962,0.7037700414657593,0.1775588095188141
"honestly a joke compared to the desktop version of lightroom. i have one of the most powerful phones in existence and this app can't even scroll without lagging. i reinstalled today, <number> months later to find not only has nothing changed but my trial has expired and i now need to pay to use a laggy gimped version of software i already own.",negative,negative,0.8312119245529175,0.8312119245529175,0.1385798305273056,0.030208347365260124
better for <url> !!!! you will try <url> !!!!,neutral,neutral,0.4794161319732666,0.3479909598827362,0.4794161319732666,0.1725928634405136
backup feature was awesome,positive,positive,0.6326698660850525,0.03921610116958618,0.32811403274536133,0.6326698660850525
amazing to use this one like superb,positive,positive,0.8961590528488159,0.01911582052707672,0.08472510427236557,0.8961590528488159
i can't post on any website.,neutral,negative,0.8094320893287659,0.8094320893287659,0.16912584006786346,0.021442053839564323
want some other features,neutral,neutral,0.555819571018219,0.0337044857442379,0.555819571018219,0.4104759693145752
this app is not user friendly,neutral,negative,0.8210152387619019,0.8210152387619019,0.1573566198348999,0.021628212183713913
force closes <number> / <number> !,negative,negative,0.8462371230125427,0.8462371230125427,0.12094617635011673,0.03281674161553383
what a waste of this apps effort the image meta data are always show false info when export image to gallery,negative,negative,0.9202734231948853,0.9202734231948853,0.06487425416707993,0.014852331019937992
it's a nic app n helpful <url>,positive,positive,0.7140190601348877,0.015288499183952808,0.2706924080848694,0.7140190601348877
how to change time ??,neutral,neutral,0.48699694871902466,0.3298681676387787,0.48699694871902466,0.18313486874103546
it's ok but this new version is not so impressive,neutral,neutral,0.7685301303863525,0.028334777802228928,0.7685301303863525,0.20313505828380585
this is a good movie downloader,positive,positive,0.7226630449295044,0.02087131328880787,0.2564656734466553,0.7226630449295044
want my old avatar can't find it,negative,negative,0.49318867921829224,0.49318867921829224,0.43076732754707336,0.0760439932346344
best of pdf file app,positive,positive,0.7949469089508057,0.034258872270584106,0.17079421877861023,0.7949469089508057
i would have gave <number> stars if y'all had more cute outfits for the girls to wear that is seasonal appropriate,positive,positive,0.7326638102531433,0.038892317563295364,0.22844381630420685,0.7326638102531433
was ok but i can easily use other apps when i press home,negative,neutral,0.7106478214263916,0.041945189237594604,0.7106478214263916,0.24740701913833618
"useless. can't log in using the app at all. deleted and reinstalled several times, still no luck.",negative,negative,0.9562203884124756,0.9562203884124756,0.0337650291621685,0.010014454834163189
"easy to use, but if i plant a tree to grow and then leave the app it doesn't die. don't know if that's a bug in the app, but knowibg it won't die once i exit the app gives me no reason to stay focused",positive,neutral,0.7326391339302063,0.0682365670800209,0.7326391339302063,0.19912438094615936
cuts down on paper usage.,positive,negative,0.7051865458488464,0.7051865458488464,0.24924743175506592,0.04556607827544212
<salutation> then dropped it. and now the radar animation doesn't work.,negative,negative,0.9085684418678284,0.9085684418678284,0.07349946349859238,0.017932109534740448
"good idea, but too slow on android. much better on desktop.",negative,neutral,0.6830660700798035,0.028825165703892708,0.6830660700798035,0.2881087362766266
"like everything about it, except that the radar animation is a little clunky.",positive,neutral,0.558025598526001,0.02446013316512108,0.558025598526001,0.41751429438591003
it's the king when it comes on downloading from internet i really appreciate it,positive,positive,0.8406211733818054,0.03658922761678696,0.12278960645198822,0.8406211733818054
"i'm using uc browser from many years and its was amazing but from the last update i got, it get <url> everytime i open new site, it shows an error everytime. please fix this.",neutral,neutral,0.6747856140136719,0.1860358715057373,0.6747856140136719,0.1391785442829132
cant install this app on my s <number> . error cant install in default location,negative,negative,0.8808785080909729,0.8808785080909729,0.1054915189743042,0.013629983179271221
needs to include precipitation estimates,neutral,neutral,0.7400569915771484,0.06493542343378067,0.7400569915771484,0.19500766694545746
new version is a step back,negative,neutral,0.45380720496177673,0.267488956451416,0.45380720496177673,0.27870380878448486
great but watch little bug,neutral,positive,0.7465386986732483,0.019114339724183083,0.23434695601463318,0.7465386986732483
i love this app.,positive,positive,0.6329981088638306,0.1566077172756195,0.21039418876171112,0.6329981088638306
"love the idea, and as long as i didn't touch my phone notifications and such didn't ruin my progress. however if i try to exit out of the app (to use whitelisted apps like my calculator) then it 'killed' my trees.",neutral,positive,0.8106352090835571,0.025827478617429733,0.16353727877140045,0.8106352090835571
"my mom found this before i did! i'm <number> and even i like it. lol great for all ages. you can make it look just like you to every detail, many clothes and accessory choices, and when you want to send a text to somebody they basically have everything you might want to say to somebody in a text or to reply back to somebody in a text message. plus cute little emojis of yourself doing things.",positive,positive,0.9176540374755859,0.01579097844660282,0.06655499339103699,0.9176540374755859
ads ads ads everywhere,neutral,negative,0.8732150793075562,0.8732150793075562,0.10497978329658508,0.021805167198181152
has gotten a bit better since last review. i really like the lightning strike display. helps me with my lightning photos,neutral,positive,0.8951976299285889,0.014683682471513748,0.09011862426996231,0.8951976299285889
i really enjoy it,positive,positive,0.8245607614517212,0.02775028720498085,0.14768896996974945,0.8245607614517212
i rely on accurate radar as i work outside everyday on a golf course. the daily and the hourly forecast constantly contradict each other though now and it's hard to figure out what the actual weather will be so i can only really rely on radar.,positive,neutral,0.5243129134178162,0.09355879575014114,0.5243129134178162,0.3821282386779785
"i enjoyed it, but the app deleted all of my purchases, such as trees and sounds",neutral,neutral,0.5706826448440552,0.06874984502792358,0.5706826448440552,0.360567569732666
so far it's good,positive,positive,0.5705453753471375,0.0162615068256855,0.41319313645362854,0.5705453753471375
would like some custom messages when trees are planted,positive,positive,0.6661717891693115,0.016258927062153816,0.3175692856311798,0.6661717891693115
used to be good,negative,negative,0.7894915342330933,0.7894915342330933,0.17085392773151398,0.03965461999177933
make category select bradcast message!,neutral,neutral,0.5445592403411865,0.11754734814167023,0.5445592403411865,0.33789345622062683
causes allot of problems will change dates etc when making a booking. prob better off staying with web page.,negative,neutral,0.6009310483932495,0.2911379635334015,0.6009310483932495,0.107930988073349
reflow feature quirky. can't somehow help feeling suspicious it is bugridden inside.,negative,neutral,0.7728053331375122,0.04781404510140419,0.7728053331375122,0.1793806403875351
i don't <url> i can't understand this appp,neutral,negative,0.8663865923881531,0.8663865923881531,0.11491023749113083,0.01870318315923214
crashes on galaxy s,negative,negative,0.7596229314804077,0.7596229314804077,0.19470401108264923,0.04567303508520126
force closes all the time. from a company with a good to great rep. i had expected better,negative,negative,0.5406462550163269,0.5406462550163269,0.36701521277427673,0.09233857691287994
great <url> ruined with ads,neutral,negative,0.8757534027099609,0.8757534027099609,0.09132798761129379,0.03291865810751915
worst experience at hotel,negative,negative,0.9469897747039795,0.9469897747039795,0.04160621389746666,0.011404084041714668
heating and battery problem,neutral,negative,0.5168273448944092,0.5168273448944092,0.41852203011512756,0.06465058028697968
fed up with advertisements. oh my gosh. cannot tolerate this application anymore,negative,negative,0.9277902245521545,0.9277902245521545,0.05970703065395355,0.01250268891453743
this is the fastest app searching mode,positive,positive,0.6953307390213013,0.03953052684664726,0.26513874530792236,0.6953307390213013
"nice app for managing ongoing projects, teams, groups.",positive,positive,0.9228625297546387,0.012245521880686283,0.0648919865489006,0.9228625297546387
is not allways up to date with current weather.,positive,neutral,0.7227306365966797,0.1974925696849823,0.7227306365966797,0.07977677136659622
realy superrrr <url> saver app,positive,neutral,0.4790615439414978,0.23906521499156952,0.4790615439414978,0.28187325596809387
<number> day trial? and then creative cloud?,negative,negative,0.6700314879417419,0.6700314879417419,0.24302217364311218,0.08694638311862946
the print button keeps shutting itself down,positive,negative,0.47489458322525024,0.47489458322525024,0.46191170811653137,0.06319370865821838
average performance in download,neutral,neutral,0.6687230467796326,0.19769492745399475,0.6687230467796326,0.13358208537101746
animation on radar stopped,negative,negative,0.8733319044113159,0.8733319044113159,0.10549687594175339,0.021171215921640396
"so far so good. surfing is made enjoyably interesting, thumb ups.",positive,positive,0.8994246125221252,0.01596735417842865,0.08460796624422073,0.8994246125221252
bbm sucks on my galaxy s <number> mini .,negative,negative,0.8884453773498535,0.8884453773498535,0.09428860992193222,0.017265981063246727
what did i download?,negative,negative,0.832918107509613,0.832918107509613,0.14059904217720032,0.026482844725251198
my favourite editing apl,positive,positive,0.8572174906730652,0.0342375785112381,0.10854495316743851,0.8572174906730652
so easy to use and appropriate advice,positive,positive,0.9082031846046448,0.01211416907608509,0.0796826034784317,0.9082031846046448
doesn't work properly.,negative,negative,0.8989436626434326,0.8989436626434326,0.08742575347423553,0.013630486093461514
"generally good, sometimes price filter doesn't work well.",positive,neutral,0.5858701467514038,0.023195622488856316,0.5858701467514038,0.3909342288970947
love this app pretty accurate,positive,positive,0.8924496173858643,0.020019546151161194,0.08753077685832977,0.8924496173858643
as much as <number> degrees off!,negative,negative,0.6413635611534119,0.6413635611534119,0.2644003629684448,0.09423606842756271
used to be good,negative,negative,0.7894913554191589,0.7894913554191589,0.17085395753383636,0.039654623717069626
"this app helps me be productive, but since the update, i can't plant the trees i had previously bought.",positive,positive,0.6660786867141724,0.021807316690683365,0.31211400032043457,0.6660786867141724
dell streak:force close sometimes. blank pages sometimes. need bookmark feature and ability to continue from last read page.,neutral,neutral,0.7489500045776367,0.1522885411977768,0.7489500045776367,0.09876150637865067
"if your in a hurry, i'd recomed calling, it takes a wile to fill out the information.",neutral,neutral,0.6858167052268982,0.11620665341615677,0.6858167052268982,0.19797660410404205
good but not good as web version,positive,neutral,0.786948561668396,0.06363879889249802,0.786948561668396,0.14941270649433136
problems working over wi-fi,negative,neutral,0.5369091629981995,0.38491061329841614,0.5369091629981995,0.0781802088022232
it's ads all the way,negative,neutral,0.5809156894683838,0.2883414924144745,0.5809156894683838,0.13074280321598053
no password support <url>,negative,negative,0.6211708784103394,0.6211708784103394,0.33752191066741943,0.0413072369992733
"good, but not perfect",neutral,neutral,0.7546845078468323,0.047922972589731216,0.7546845078468323,0.1973925679922104
i wish it would work offline,positive,neutral,0.5967200994491577,0.0393294021487236,0.5967200994491577,0.3639505207538605
cloud based apps do not work for me. with pathetic network services in our region it becomes frustrating to use. pity. will have to uninstall,negative,negative,0.9186291098594666,0.9186291098594666,0.0677100419998169,0.01366081926971674
"so disappointed with this app! why would you delete an entire account without any warnings? see i'm not mad that you deleted my account because i had iran's ip address, i'm mad because you didn't even bothered to give me a chance to take back up of my files! do you understand how unprofessional this is? so disappointed!",negative,negative,0.9079151153564453,0.9079151153564453,0.07504181563854218,0.017043115571141243
this app is good,positive,positive,0.7131017446517944,0.014431474730372429,0.2724668085575104,0.7131017446517944
"slow, laggy performance. thinkfree office opens my pdfs and allows smooth transitions and zooming.",negative,neutral,0.49197646975517273,0.446576863527298,0.49197646975517273,0.0614466667175293
since the update the radar doesn't work <url>,negative,negative,0.7967942357063293,0.7967942357063293,0.17692825198173523,0.02627747133374214
"like the app, but could you please remove the external storage permission when i want to take a picture? i don't like granting apps dangerous permissions and i know you don't need it if you use the file provider api. <signature>",negative,neutral,0.656398594379425,0.04040385037660599,0.656398594379425,0.30319756269454956
there is no print option i can find.,neutral,neutral,0.6059613823890686,0.3246913254261017,0.6059613823890686,0.06934729963541031
<url> the picture size on bbm group is too small sometime not clear. also incoming bbm call is not detected or not showed in galaxy gear s <number>,positive,neutral,0.7320944666862488,0.17605385184288025,0.7320944666862488,0.09185167402029037
got stuck on trying to confirm my booking and i lost the accommodation. after that force crash. uninstall. htc desire,negative,negative,0.938973069190979,0.938973069190979,0.04989752173423767,0.011129417456686497
please fix the radar,negative,neutral,0.48125579953193665,0.3526500165462494,0.48125579953193665,0.16609413921833038
"good adjustment, bad storage",neutral,neutral,0.7173774838447571,0.19311143457889557,0.7173774838447571,0.08951108902692795
coming from adobe this is absolute garbage. fails to open pdf files. it was only <number> kb. garbage.,negative,negative,0.9520392417907715,0.9520392417907715,0.03786424547433853,0.010096540674567223
after i updated the new bbm version always getting <url> sometime the messages pending without ceklis my friend send in the morning but the messages coming after <number> or <number> hour <url> i saw on the messages the time when he send me a messages and this made my planning <url> should i didn't upgraded <url>,negative,neutral,0.6340190172195435,0.24620956182479858,0.6340190172195435,0.11977142095565796
new update ruined the app,negative,negative,0.9228799939155579,0.9228799939155579,0.062452685087919235,0.014667279087007046
a widget would be nice,positive,neutral,0.595116138458252,0.03809763491153717,0.595116138458252,0.36678624153137207
there are ads now?,neutral,negative,0.5673000812530518,0.5673000812530518,0.3665313124656677,0.06616861373186111
difficult when on vacation,positive,neutral,0.6919094920158386,0.0670175701379776,0.6919094920158386,0.24107298254966736
notifications are bonkers. (will give <number> once fixed),negative,neutral,0.7686284780502319,0.10390149801969528,0.7686284780502319,0.1274699717760086
can't add new locations,neutral,neutral,0.7831365466117859,0.12838894128799438,0.7831365466117859,0.08847443759441376
nice tool for inter-team communication,positive,positive,0.8929461240768433,0.011302581988275051,0.0957513377070427,0.8929461240768433
it's download video very fast and all other thing,positive,positive,0.8055771589279175,0.02353276126086712,0.17089009284973145,0.8055771589279175
"veru useful app only when used with its <number> rd-party integrations, yet flock is much better alternative for having more free features.",positive,positive,0.5123269557952881,0.02967464178800583,0.4579984247684479,0.5123269557952881
doesn't <url> i'll go on other apps and the tree still <url> little i inventive to actually stay off the phone,negative,negative,0.7179750204086304,0.7179750204086304,0.2548341751098633,0.02719082310795784
"when ever i update app,it won't work and i lost my all data many times",negative,negative,0.9240230917930603,0.9240230917930603,0.06392532587051392,0.012051532045006752
doesn't work much! where's the <number> version???,negative,negative,0.7731020450592041,0.7731020450592041,0.20622219145298004,0.02067578211426735
nice app fast downloading,positive,positive,0.8784966468811035,0.010854038409888744,0.11064935475587845,0.8784966468811035
"the app is great, it's fun and helpful, tho when you click the home button, it doesn't die. you could fix that",positive,positive,0.7657682299613953,0.015608713962137699,0.2186230719089508,0.7657682299613953
"easy to use, always <url> when you book thrue them, they will charge you too much.",neutral,positive,0.8604690432548523,0.016138972714543343,0.12339194118976593,0.8604690432548523
there is no jump to page option so you have to flip through every single page! its a big waste of time.,negative,negative,0.8693385720252991,0.8693385720252991,0.11296706646680832,0.01769433729350567
great and easy to use,positive,positive,0.9031853675842285,0.023176884278655052,0.0736377015709877,0.9031853675842285
"cloud subscription, no <signature>",negative,negative,0.7998774647712708,0.7998774647712708,0.17116017639636993,0.02896241657435894
great app to focus!,positive,positive,0.9013800621032715,0.019749367609620094,0.07887054979801178,0.9013800621032715
pay when you arrive. err no,neutral,negative,0.6834977865219116,0.6834977865219116,0.27528268098831177,0.04121953994035721
great apps for great team,positive,positive,0.8911368250846863,0.023079022765159607,0.0857841745018959,0.8911368250846863
i like the appl because it connect me to a lot of people in my office,positive,positive,0.8910215497016907,0.013990797102451324,0.09498767554759979,0.8910215497016907
can't open my bbm after updated,negative,negative,0.809859573841095,0.809859573841095,0.17049738764762878,0.019643092527985573
cannot use for flash <url>,neutral,negative,0.5527124404907227,0.5527124404907227,0.40026670694351196,0.04702084884047508
won't work with my text messages and have to start a new conversation to use it in messenger,neutral,negative,0.9185740947723389,0.9185740947723389,0.07010296732187271,0.011322880163788795
it crashes every time,positive,negative,0.7436020374298096,0.7436020374298096,0.2156963348388672,0.040701597929000854
great app for group family communication across multiple types of devices and countries,positive,positive,0.912051260471344,0.018698304891586304,0.06925037503242493,0.912051260471344
it was great radar sucks now,negative,negative,0.8906348347663879,0.8906348347663879,0.0862659215927124,0.023099347949028015
missing a tablet version,neutral,neutral,0.5659710168838501,0.33481642603874207,0.5659710168838501,0.09921255707740784
the browser is used very fast connecting browser,positive,positive,0.6948177814483643,0.04908592253923416,0.2560963034629822,0.6948177814483643
i want a etc wallet that's all i want to invest <url>,negative,neutral,0.4854225218296051,0.1961502581834793,0.4854225218296051,0.318427175283432
not so much but good,positive,neutral,0.7786272764205933,0.04014100134372711,0.7786272764205933,0.18123169243335724
well the app is kinda <url>,positive,neutral,0.584561288356781,0.03526734560728073,0.584561288356781,0.38017135858535767
the program is very slow and can be unresponsive. there is no bookmake setting. pages take a very long time to load even when zooming in and out.,negative,neutral,0.7343528270721436,0.1875334084033966,0.7343528270721436,0.07811382412910461
totally invasive and inappropriate for development. it kept people talking for every detail for hours. kill innovation and efficiency. cannot replace skype so another chat cheater. a waist of time in communication. one good point if you can make your competitors to use it. they will collapse.,negative,negative,0.9377865791320801,0.9377865791320801,0.047040265053510666,0.015173094347119331
i love it. but i think it would be better to add angle correction as well is needed sometimes and i don't like having to use other apps to do this.,neutral,positive,0.7684118151664734,0.019293004646897316,0.21229517459869385,0.7684118151664734
the emoticon not <url> :'(,neutral,neutral,0.5719271898269653,0.28720614314079285,0.5719271898269653,0.14086665213108063
good app. had full version but they took it away. would like it back. radar not working. layers are not working. must be a weather bug.,neutral,neutral,0.6391834616661072,0.27908292412757874,0.6391834616661072,0.08173367381095886
can't import my booking? what's the point of getting this app? anyone?,negative,negative,0.7454041838645935,0.7454041838645935,0.22594454884529114,0.028651293367147446
"the app sometimes gets stuck on a certain temperature and you have to actually click on the app to get the correct temperature to pop up, but at least with this app i can actually get the <number> -day and hourly forecast pages to load which is something i can't get with accuweather. so i guess what i'm saying is it's probably the <signature>",positive,neutral,0.7130420804023743,0.057585567235946655,0.7130420804023743,0.22937238216400146
"great, but occasionally crashes",positive,positive,0.6064613461494446,0.029247786849737167,0.36429086327552795,0.6064613461494446
"crap, takes ages to loads and lags on all docs, standard pdf viewer much better",negative,negative,0.8968097567558289,0.8968097567558289,0.08557087928056717,0.017619285732507706
it stops working frequently,neutral,negative,0.5846003293991089,0.5846003293991089,0.3494296967983246,0.06596998870372772
like it more than most weather apps i've tried. would recommend!,positive,positive,0.8529019355773926,0.012306238524615765,0.13479182124137878,0.8529019355773926
stupid trees. too much green. too cute. memory hog. deleted it.,negative,negative,0.9486771821975708,0.9486771821975708,0.04081151634454727,0.010511242784559727
plz add readout loud feature in application,positive,positive,0.5559477806091309,0.04864407703280449,0.39540809392929077,0.5559477806091309
"give error, stuck onopening",negative,negative,0.8493991494178772,0.8493991494178772,0.12701447308063507,0.023586483672261238
the radar map only shows past not current,neutral,neutral,0.49929919838905334,0.4120804965496063,0.49929919838905334,0.08862033486366272
"the worst, the most bugged app that i've ever seen in my life! always crashing for no reason!",negative,negative,0.9449448585510254,0.9449448585510254,0.04043913632631302,0.014616111293435097
this does not work with my phone i exited the app for ages and my tree still grew.,negative,negative,0.9365460276603699,0.9365460276603699,0.0529659166932106,0.010488065890967846
the application is too slow. sometimes it just wont select the options.,neutral,neutral,0.8161415457725525,0.08255619555711746,0.8161415457725525,0.10130227357149124
useless doesn't open email attachments on lg optimus,negative,negative,0.9276866912841797,0.9276866912841797,0.06087138503789902,0.011441905051469803
its a very good app,positive,positive,0.7702785730361938,0.01336158998310566,0.21635979413986206,0.7702785730361938
good up to date service,neutral,positive,0.6954454183578491,0.015906095504760742,0.28864848613739014,0.6954454183578491
luv it but u should allow us <number> make more than one character then i'll give u <number>  's,neutral,neutral,0.703852653503418,0.028958402574062347,0.703852653503418,0.2671889364719391
"app does what it has to do, but would it be possible to implement a harder way to cancel the growth of your tree? now it takes about <number> seconds. you could make another cancel button which you have to press for <number> minute without releasing it to unlock your phone. gives you time to think if you really need to unlock it. <signature>",neutral,neutral,0.7749130129814148,0.09179774671792984,0.7749130129814148,0.13328920304775238
need full raw hdr for lg v <number> !!!,neutral,neutral,0.7762243151664734,0.08207562565803528,0.7762243151664734,0.14170008897781372
it wont even let me log in!!!,negative,negative,0.94770348072052,0.94770348072052,0.04242321476340294,0.00987321138381958
wouldn't search any locations.,negative,negative,0.8578858971595764,0.8578858971595764,0.12186718732118607,0.020246947184205055
new version is not intuitive.,negative,neutral,0.6528564095497131,0.27800172567367554,0.6528564095497131,0.06914189457893372
image previews don't work,positive,negative,0.8022951483726501,0.8022951483726501,0.1765366941690445,0.02116815187036991
"its great, just too many ads",positive,positive,0.7414777874946594,0.02926834672689438,0.2292538732290268,0.7414777874946594
radar has stopped working,negative,negative,0.8969855308532715,0.8969855308532715,0.08644507080316544,0.016569355502724648
has been treating me well for years,positive,positive,0.6093361973762512,0.09649050235748291,0.29417330026626587,0.6093361973762512
animated radar not working,negative,negative,0.8701345920562744,0.8701345920562744,0.1119101345539093,0.017955319955945015
problems with internet connection s <number> edge,neutral,neutral,0.5333879590034485,0.3990406394004822,0.5333879590034485,0.06757141649723053
"another login and account needed, mediocre editing",negative,neutral,0.5770949125289917,0.34827351570129395,0.5770949125289917,0.07463158667087555
i need a tab for news language i don't want it to be default for the place i live in my native language may be different. please look into it,positive,neutral,0.627441942691803,0.05775105580687523,0.627441942691803,0.3148069977760315
"idea is nice, <url>",neutral,neutral,0.5701395273208618,0.021674493327736855,0.5701395273208618,0.40818601846694946
useless and hang in itself,negative,negative,0.942386269569397,0.942386269569397,0.04247361049056053,0.015140088275074959
lagging on nvidia shield tablet,neutral,neutral,0.5423973798751831,0.36054527759552,0.5423973798751831,0.09705740958452225
less taps &gt; more taps is not always true! this update clutters up the mobile app and looks horrible! bring back the drop down menu.,positive,negative,0.8534071445465088,0.8534071445465088,0.12684795260429382,0.019744981080293655
great mobile app for a great platform,positive,positive,0.8824602365493774,0.022835489362478256,0.0947042852640152,0.8824602365493774
easiest way to keep all my accommodation details with me when i travel.,positive,positive,0.8100685477256775,0.014332831837236881,0.1755986362695694,0.8100685477256775
"there is no way to search or jump to the pages i want. so, in a <number> page document, i have to page down until i get to where i want. very poor!",neutral,negative,0.9387781620025635,0.9387781620025635,0.04836781695485115,0.012853952124714851
crashes on z <number> compact,neutral,negative,0.6200595498085022,0.6200595498085022,0.32479459047317505,0.05514580383896828
"can't delete any of the pdf files! someone ,help mytouch <number> g",neutral,neutral,0.584994375705719,0.3135862648487091,0.584994375705719,0.1014193445444107
somethings wrong with this app,positive,negative,0.6068882942199707,0.6068882942199707,0.34554198384284973,0.047569677233695984
well organized app. offers better deals than the hotel itself.,positive,positive,0.9255713820457458,0.016544369980692863,0.057884298264980316,0.9255713820457458
faster than other app,positive,positive,0.5683456659317017,0.054283998906612396,0.37737032771110535,0.5683456659317017
"decent, but needs ability to define custom notification sound. the built-in ones are too quiet and the 'device default' is too general.",positive,neutral,0.6194584369659424,0.01857413351535797,0.6194584369659424,0.36196744441986084
"if you have difficulties staying focussed, then this is definitely the app for you. as trivial as it sounds, there's a real sense of satisfaction in seeing your forest grow the more time you log. the only thing i would say which could be added is social email support or facebook integration, which i believe is already a feature on the ios version. some of my friends are using it too, and seeing their forests grow (perhaps even on some kind of map next to mine?) would add an element of healthy competition!",positive,neutral,0.48867228627204895,0.039978157728910446,0.48867228627204895,0.4713495373725891
would be better with out ads,positive,neutral,0.6206976175308228,0.06333234906196594,0.6206976175308228,0.3159700632095337
<number> star 'coz why we have to request hd quality picture first? oh <url> nobody need bad quality picture. washing <url> another chat app more better !!,neutral,neutral,0.533229649066925,0.3119126856327057,0.533229649066925,0.15485763549804688
"my screen goes off, but when i unlock my phone, my tree dies. makes the app pointless as it forces me to keep the screen on which is distracting. great concept though.",neutral,neutral,0.7139114737510681,0.04497378319501877,0.7139114737510681,0.2411148101091385
it will be better if the apps allow users to listen music while studying or doing their things,positive,neutral,0.5301291346549988,0.026174670085310936,0.5301291346549988,0.44369620084762573
the app is free on android but why can't i use my new unlocked tree?!,negative,neutral,0.6366224884986877,0.19522061944007874,0.6366224884986877,0.16815684735774994
"not ideal, but better than a few other ""freeware"" options there with lots of adds or crappy ui.",positive,neutral,0.8164352774620056,0.04728768765926361,0.8164352774620056,0.1362769901752472
add break or pause option plz,positive,neutral,0.5987740159034729,0.04778280854225159,0.5987740159034729,0.3534432053565979
good effort <url> try to send correct notification of the news or story.,positive,positive,0.7065247297286987,0.019291479140520096,0.27418380975723267,0.7065247297286987
doesn't work keeps saying bad internet connection but all other apps work.,negative,negative,0.8073935508728027,0.8073935508728027,0.17251698672771454,0.020089494064450264
did not install this app. all i did was update my phone and it was there and i can delete it! very annoying!!!,negative,negative,0.9424893856048584,0.9424893856048584,0.047402165830135345,0.010108435526490211
last updates causing problems.,neutral,neutral,0.5321810245513916,0.392753541469574,0.5321810245513916,0.07506547123193741
"stupid app many many ads ,don't download this app",negative,negative,0.9522956013679504,0.9522956013679504,0.03780877962708473,0.009895664639770985
too much buz for nothing so special.,negative,neutral,0.5081361532211304,0.40680932998657227,0.5081361532211304,0.08505446463823318
simple but effective app to end smartphone addiction,positive,positive,0.8037007451057434,0.01681140996515751,0.17948788404464722,0.8037007451057434
technology at its <signature>,positive,positive,0.7823079824447632,0.06176441162824631,0.1559276282787323,0.7823079824447632
"editing is all about precision, of which this isn't good at. trying to crop is like throwing stones at a picture frame on a wall and hoping it sticks. when you get it you accidently press another button and all the work is <url> still needs some refining",neutral,neutral,0.7639361619949341,0.051235444843769073,0.7639361619949341,0.18482837080955505
used to love <url>,neutral,negative,0.8385877013206482,0.8385877013206482,0.12852324545383453,0.03288908675312996
bbm is really gud,positive,neutral,0.5309268236160278,0.13262635469436646,0.5309268236160278,0.3364467918872833
still a good app,neutral,positive,0.524774968624115,0.02573150210082531,0.44949349761009216,0.524774968624115
"looks nice but the live radar always zooms in to close, i like to see the entire area around my location.",positive,positive,0.7802225351333618,0.012492949143052101,0.20728453993797302,0.7802225351333618
creeping permissions. no <signature>,negative,negative,0.8902382254600525,0.8902382254600525,0.0912264734506607,0.018535340204834938
don't expect to be productive on the tube,negative,neutral,0.6692873239517212,0.23665256798267365,0.6692873239517212,0.09406015276908875
huge apo. does not have move to sd card. standard reader v. good. uninstalling.,negative,negative,0.9189425110816956,0.9189425110816956,0.06646837294101715,0.014589082449674606
too many push and price not clear,neutral,negative,0.6583476662635803,0.6583476662635803,0.29280006885528564,0.048852257430553436
great app but updated the app but the bug is still there where the animation plays without accessing the app so you have to tap screen to gain access to home screen. that bug has been there forever please fix!,neutral,neutral,0.5963109731674194,0.08191061019897461,0.5963109731674194,0.32177838683128357
like it but need better notification settings,positive,positive,0.49737927317619324,0.01795906573534012,0.484661728143692,0.49737927317619324
being a motorcycling enthusiast i like to know where the rain is and what direction it's heading.,positive,positive,0.8712564706802368,0.030617276206612587,0.09812623262405396,0.8712564706802368
radar no longer works,negative,negative,0.9391520023345947,0.9391520023345947,0.04956052079796791,0.01128753274679184
why i cannot play my download video?,neutral,neutral,0.49899014830589294,0.3951892554759979,0.49899014830589294,0.10582054406404495
as an alternative in contacting people,positive,positive,0.6535861492156982,0.03561059385538101,0.31080326437950134,0.6535861492156982
crashes all the time tells you there is no memory even on sd card. won't let you use if you decline push notifications,negative,negative,0.8406627774238586,0.8406627774238586,0.14113885164260864,0.018198436126112938
what's the point?,negative,negative,0.70607990026474,0.70607990026474,0.2501324415206909,0.04378757253289223
"i used to really love this browser but now it's just annoying .when i download files sometimes it tells me ""file doesn't exist"" and i have to redownload ,plus it lags .",negative,neutral,0.7070827484130859,0.21423916518688202,0.7070827484130859,0.07867804169654846
its good but i think it should add like fortnite emojis or other characters,positive,neutral,0.528684139251709,0.015584534034132957,0.528684139251709,0.4557313621044159
its good but now a days it slow,neutral,neutral,0.6429756879806519,0.023428283631801605,0.6429756879806519,0.33359602093696594
"the emojis you can make out of it are great! however, it would be nice to implement the character doing different kinds of sports. also the app didn't have my face shape, hairstyle, and the mouth was too big for me. basically i had to go with what i could find that looked the most like me, and a bunch of people still thought that the bitmoji looked nothing like me. something else i'd like to add is that maybe for the female character, put some outfits that are t-shirts and moderate shorts, not just short shorts. i couldn't find my usual attire because of that. overall, my bitmoji only looks a bit like me so if you guys can change the face, costumes, and facial features to let more people have an accurate character, it'd be great. <signature>",positive,positive,0.6420612931251526,0.021797960624098778,0.3361406922340393,0.6420612931251526
throw this app to garbage,negative,negative,0.9376000165939331,0.9376000165939331,0.047480374574661255,0.014919547364115715
very nice and helpful <url> luving <url>,positive,positive,0.9090799689292908,0.01561112329363823,0.07530888170003891,0.9090799689292908
it will be better if there will be option to archive a chat,positive,neutral,0.6300333738327026,0.026292311027646065,0.6300333738327026,0.34367436170578003
requesting to build a bigger forest!,positive,negative,0.5468490719795227,0.5468490719795227,0.30304989218711853,0.15010099112987518
stop the stupid ads,negative,negative,0.7531653046607971,0.7531653046607971,0.19182263314723969,0.05501206964254379
spark lightening no longer working,neutral,negative,0.7944751977920532,0.7944751977920532,0.17194238305091858,0.0335824191570282
"slowly slowly you are making it worst app but it's your app you can do anything after all you are communist. see i don't like your inbuilt pdf viewer,video viewer app so allow user to use apps like adobe pdf reader and mx <url> and the new problem is the facebook video is not working <url> earlier i have given <number> star rating but now you are decreasing quality <url>",negative,neutral,0.47691208124160767,0.390505313873291,0.47691208124160767,0.13258260488510132
doesn't export my photos most of the time,neutral,negative,0.5976306796073914,0.5976306796073914,0.3667316138744354,0.0356377512216568
still need to improve,positive,neutral,0.5918378233909607,0.052845414727926254,0.5918378233909607,0.35531675815582275
no philippine peso currency?,neutral,negative,0.6113789677619934,0.6113789677619934,0.3365199863910675,0.05210107937455177
"i downloaded this app specifically to merge photos together on my backpacking adventures whilst eliminating the need for a laptop. sadly, it does not have the function to merge photos for panoramic or hdr.",neutral,neutral,0.6205211877822876,0.2874910235404968,0.6205211877822876,0.09198783338069916
"pretty effective but i just noticed it doesn't pick up the usage of one of my most distracting apps (bacon reader for reddit). i was on it and thought oh no my tree! opened up to find it wasn't triggered. double checked my white list etc, everything was proper. if it doesn't block that it becomes pretty useless in my eyes",positive,neutral,0.549011766910553,0.030334994196891785,0.549011766910553,0.42065316438674927
"awesome app. it would be sooo useful to have one button access to the lastest posts accross all channels and all workgroups, i find im spending much time digging around for the latest posts.",positive,positive,0.8833745718002319,0.013436686247587204,0.10318873822689056,0.8833745718002319
its good and so easy to use,positive,positive,0.792126476764679,0.012250700034201145,0.19562287628650665,0.792126476764679
this isn't as good as it's siblings,negative,neutral,0.5780037045478821,0.3397294580936432,0.5780037045478821,0.08226682990789413
app is good service,neutral,positive,0.6736205220222473,0.018210606649518013,0.308168888092041,0.6736205220222473
app thinks i am a man :'),negative,neutral,0.4828750789165497,0.3100174069404602,0.4828750789165497,0.2071075141429901
will not work correctly. i tryed to set the map in motion and it will not move!,negative,negative,0.9318497180938721,0.9318497180938721,0.05745796114206314,0.010692300274968147
super cute but kind of difficult to use on the spot.,positive,positive,0.5418047308921814,0.03577809780836105,0.42241716384887695,0.5418047308921814
"nice, but couldn't find night mode.",positive,neutral,0.5584045648574829,0.0234968438744545,0.5584045648574829,0.4180985987186432
"insanely unreliable - wont let me accept invites to other workspaces nor will this application even show me the invite - login inconsistency, i can auto-login with the app but when i type my password in non-app login screens it wont work. its the same password i use for other applications and i successfully login each time.",negative,negative,0.9142687916755676,0.9142687916755676,0.07318765670061111,0.012543531134724617
cant search without creating an account! they need your email so the can sell it to spammers! unistall!,negative,negative,0.9412689805030823,0.9412689805030823,0.04921855032444,0.009512456133961678
only good not <signature>,neutral,neutral,0.735260009765625,0.07913968712091446,0.735260009765625,0.18560025095939636
it is a waste app and waste of time. it is only useful for downloading the movies,positive,negative,0.9030519723892212,0.9030519723892212,0.07897485047578812,0.017973193898797035
it's fast and i can always use it to download,positive,positive,0.7746301889419556,0.01686718687415123,0.2085026055574417,0.7746301889419556
have to use and see,neutral,negative,0.8011378645896912,0.8011378645896912,0.16584213078022003,0.033020004630088806
good but some issues,positive,neutral,0.6128293871879578,0.023836134001612663,0.6128293871879578,0.36333444714546204
plz see sex movies it's nice in this,neutral,positive,0.5409154295921326,0.0417901948094368,0.41729435324668884,0.5409154295921326
wont open. it always crashes and my phone reports it having multiple errors in <number> week,negative,negative,0.9409762024879456,0.9409762024879456,0.049182333052158356,0.009841559454798698
fcs on a <number> page pdf. really?! even on my stock evo that's awesome? this reminds me of flash player on my laptop- always causing problems. adobe = crap,negative,negative,0.4948836863040924,0.4948836863040924,0.41977882385253906,0.08533758670091629
"the worst app ever can't download a single <url> my downloads have been ""unsuccessful""",negative,negative,0.9452880620956421,0.9452880620956421,0.04226347804069519,0.012448395602405071
needs text search and in-document link support.,neutral,neutral,0.689719557762146,0.032376453280448914,0.689719557762146,0.2779040038585663
it's a great app. love it and good job,neutral,positive,0.9173578023910522,0.015340618789196014,0.06730160117149353,0.9173578023910522
"sometimes wonky when on wifi, but that could be internet connection issue. also wants to have high accuracy location on which will drain your phone quickly.",neutral,neutral,0.7276632189750671,0.038905274122953415,0.7276632189750671,0.23343145847320557
why am i now seeing ads? lame!,negative,negative,0.8968039155006409,0.8968039155006409,0.08587624877691269,0.017319895327091217
you had one job,positive,negative,0.6345502138137817,0.6345502138137817,0.26313266158103943,0.10231715440750122
"it would be nice if there was an option to record voice messages.    nuisance: when i press 'backwards' in my android, i am thrown out of the app, instead of going backwards to the messages list.    nuisance: i don't see a list of last messaged people in chronological order but randomly. this drives me <url>",neutral,neutral,0.7577628493309021,0.041395533829927444,0.7577628493309021,0.20084162056446075
not replacement for the desktop app,neutral,neutral,0.6670441031455994,0.15064404904842377,0.6670441031455994,0.18231186270713806
great app to communicate with family and friends.,positive,positive,0.9175057411193848,0.016569307073950768,0.0659250020980835,0.9175057411193848
best chat application ever,neutral,positive,0.8360156416893005,0.031782880425453186,0.13220147788524628,0.8360156416893005
good app bt needs new features,neutral,positive,0.5942889451980591,0.02342682145535946,0.3822842538356781,0.5942889451980591
it requires access permission n i dont know from where to turn on so can u plz tell m!!,neutral,negative,0.8264796137809753,0.8264796137809753,0.15191668272018433,0.02160368300974369
uffff!!!! plzz don't downloaded this,negative,negative,0.8712580800056458,0.8712580800056458,0.10981005430221558,0.018931878730654716
good <url> lacks some essential features,positive,neutral,0.6359182000160217,0.024387335404753685,0.6359182000160217,0.3396944999694824
"the app is ok but the camera should no have any sound when you take photos, that problem is quite annoying",neutral,neutral,0.8156413435935974,0.0427040159702301,0.8156413435935974,0.1416545808315277
installation corrupts gmail db on n <number> android <number> . <number>,negative,negative,0.9018665552139282,0.9018665552139282,0.08429013192653656,0.013843337073922157
i think it's a great start app!,positive,positive,0.8266103267669678,0.016412463039159775,0.15697722136974335,0.8266103267669678
radar has been freezing and not moving for last month. deleted it after all this time. pos!!!,negative,negative,0.9172211289405823,0.9172211289405823,0.07003255188465118,0.01274639368057251
ok till it goes wrong,neutral,neutral,0.6998307108879089,0.05469832941889763,0.6998307108879089,0.2454710304737091
i rely on weatherbug every day.,positive,positive,0.6213364601135254,0.07875414937734604,0.29990941286087036,0.6213364601135254
"love this app, especially the lightening strike tracker.",positive,positive,0.8984324336051941,0.025622189044952393,0.07594538480043411,0.8984324336051941
there's still more to it.,positive,neutral,0.5426928997039795,0.11838347464799881,0.5426928997039795,0.3389236629009247
very basic and subscription based,negative,positive,0.8200274705886841,0.03361484035849571,0.1463576704263687,0.8200274705886841
no words great app,positive,negative,0.7342106103897095,0.7342106103897095,0.22802889347076416,0.037760503590106964
"im not use as well, i think it is bad application, i dont like.",negative,negative,0.6244198083877563,0.6244198083877563,0.33218464255332947,0.04339554160833359
keeps saying photos not found whwn trying to send/ attach to people. using a note <number> <url> its not <url> it <url> pwrfect for what application i needed it for. will try again when i get new phone in a couple weeks.,negative,negative,0.7509835958480835,0.7509835958480835,0.22317710518836975,0.025839323177933693
helpful for book reading,positive,positive,0.874215841293335,0.013539731502532959,0.11224441230297089,0.874215841293335
sometimes slow but yet efficient.,positive,positive,0.5253350734710693,0.030058978125452995,0.4446059465408325,0.5253350734710693
for some reason the keyboard doesn't work on my phone. and i can't do couple's bitmojis with my wife. but it's fun to use with her anyhow,positive,neutral,0.6515970230102539,0.02496839314699173,0.6515970230102539,0.32343462109565735
make anoying bc different ring with chat ring,neutral,positive,0.6785922646522522,0.04577237740159035,0.27563533186912537,0.6785922646522522
"please make the browser application sync-able with android phones. i was able to sync a few days ago, but now it only syncs with an ios account.",positive,neutral,0.6750291585922241,0.14563439786434174,0.6750291585922241,0.17933650314807892
great app. would have been a <number> if avatar could be edited,neutral,positive,0.8761125802993774,0.020626984536647797,0.10326039046049118,0.8761125802993774
poor cousin to the desktop app,neutral,negative,0.8871200680732727,0.8871200680732727,0.09305182844400406,0.019828161224722862
i get notification for update but i can't update my bbm. please fix it.,neutral,neutral,0.7054882049560547,0.10814335197210312,0.7054882049560547,0.1863684356212616
it wont let me download its saying it is but not getting it,negative,negative,0.9074660539627075,0.9074660539627075,0.08034716546535492,0.012186846695840359
force closed zenfone <number>,negative,negative,0.858035683631897,0.858035683631897,0.10834299772977829,0.03362138569355011
cloud service only idea bites,negative,neutral,0.5940433740615845,0.1408691257238388,0.5940433740615845,0.2650874853134155
i can't sign <url> :'(,neutral,negative,0.5261207818984985,0.5261207818984985,0.3952217698097229,0.07865744084119797
horrible for one reason,negative,negative,0.913043200969696,0.913043200969696,0.06276429444551468,0.02419242076575756
<salutation> opening unwanted liks,negative,negative,0.5070688724517822,0.5070688724517822,0.3457896113395691,0.1471414566040039
won't let me end chat,negative,negative,0.8012171387672424,0.8012171387672424,0.1683729588985443,0.0304099228233099
"nice, but flow could be better.",positive,neutral,0.5745668411254883,0.021069355309009552,0.5745668411254883,0.40436381101608276
it just froze up a few days <url> doesn't work at all when i click on it,negative,negative,0.84941166639328,0.84941166639328,0.13228417932987213,0.018304141238331795
the news which displays on the welcome page is very annoying and vulgar have to be very careful when giving it to the children's at home to surf the internet and we had to use other browser in front of others as your front page containt all the vulgarity in news most of the people don't know how to disable news. the option should be visible on the front screen itself,negative,neutral,0.524669349193573,0.3895276188850403,0.524669349193573,0.0858030691742897
seems impossible to make a review,neutral,neutral,0.7479391694068909,0.14622369408607483,0.7479391694068909,0.1058371290564537
reflow doesn't let you move from what's on the screen. no option to go to specific pages directly (really? scroll through a <number> + page book everytime?),neutral,neutral,0.7267144918441772,0.20218923687934875,0.7267144918441772,0.0710962563753128
low score due to the lack of a dark theme/night mode in <number> !,neutral,neutral,0.5229910016059875,0.41276997327804565,0.5229910016059875,0.06423905491828918
"no floating head, why",negative,neutral,0.5150924921035767,0.3969418704509735,0.5150924921035767,0.08796563744544983
bad on sms blocking,neutral,negative,0.8251222372055054,0.8251222372055054,0.14950956404209137,0.02536810375750065
hated the new update,negative,negative,0.9237759709358215,0.9237759709358215,0.060933083295822144,0.015290975570678711
i find it a bit odd that the app doesn't automatically open a file. i have to go to the app and open the file from there.,positive,neutral,0.7469913363456726,0.04325217381119728,0.7469913363456726,0.20975644886493683
the weather people are always wrong they suck,negative,negative,0.5386652946472168,0.5386652946472168,0.39355459809303284,0.06778007745742798
"no ""go to page"" feature? really?",neutral,negative,0.6372025012969971,0.6372025012969971,0.3218802809715271,0.04091715067625046
caused ipad safari to stop working,negative,negative,0.8853720426559448,0.8853720426559448,0.0927945151925087,0.021833524107933044
it's a good app to communicate with team instantly,positive,positive,0.8191099166870117,0.011041640304028988,0.16984839737415314,0.8191099166870117
garbage. worthless app. i hope someone comes up with one better and more organized for people use. makes no sense. cant navigate. not worth the headache.,negative,negative,0.9537596702575684,0.9537596702575684,0.03550279885530472,0.010737543925642967
good but seems to be a battery drainer on lollipop,neutral,neutral,0.6811745166778564,0.02760905586183071,0.6811745166778564,0.2912164628505707
like the funny <url>,positive,positive,0.6720173954963684,0.03469454124569893,0.29328808188438416,0.6720173954963684
"useless app, doesn't work as described",negative,negative,0.9532902240753174,0.9532902240753174,0.037649594247341156,0.009060160256922245
pdf viewer works much smoother and loads faster,negative,neutral,0.5541041493415833,0.04166795313358307,0.5541041493415833,0.40422794222831726
awesome app with awful ux,neutral,neutral,0.41908782720565796,0.19845862686634064,0.41908782720565796,0.382453590631485
<salutation> why most of the time. when i finish downloading video and going to play it. it says failed to open its not like this before using old version.,negative,negative,0.5338076949119568,0.5338076949119568,0.410495400428772,0.055696889758110046
couldn't get edited photos out of lightroom!,negative,negative,0.8893640637397766,0.8893640637397766,0.09629480540752411,0.014341183006763458
the update sucks!!! i lost all the trees i previously unlocked.,negative,negative,0.9375802278518677,0.9375802278518677,0.0510823130607605,0.01133738737553358
the cancellations are confusing and the will double charge,neutral,neutral,0.7637140154838562,0.12113984674215317,0.7637140154838562,0.11514613777399063
"great, but eset is going off",positive,neutral,0.4875972867012024,0.031143775209784508,0.4875972867012024,0.4812590181827545
it is too slow app.,negative,neutral,0.7245374917984009,0.18478581309318542,0.7245374917984009,0.0906766802072525
good & need more development options,neutral,positive,0.6913003921508789,0.01618458889424801,0.2925150692462921,0.6913003921508789
browsing fast but before download its doing re direct and suggest an other app.,positive,neutral,0.802180826663971,0.0590379424393177,0.802180826663971,0.13878116011619568
please fix as soon as <url> cannot send message n dont have received feeds,negative,neutral,0.5972744226455688,0.31912940740585327,0.5972744226455688,0.08359617739915848
too many ads dude,negative,negative,0.65693598985672,0.65693598985672,0.29409947991371155,0.04896454140543938
through this app i get amazing deals,positive,positive,0.8687927722930908,0.04085306450724602,0.09035418182611465,0.8687927722930908
very helpful & useful for media <url>,positive,positive,0.9131075739860535,0.013819961808621883,0.07307250797748566,0.9131075739860535
very helpful the apps,positive,positive,0.9080588817596436,0.015336777083575726,0.07660439610481262,0.9080588817596436
update screwed the app over,negative,negative,0.920992910861969,0.920992910861969,0.06388001143932343,0.01512710191309452
i love the variety of fashion styles this app offers. really digging on the poses & emotion statements. emoji id me. a ok,positive,positive,0.9196644425392151,0.019466135650873184,0.06086943671107292,0.9196644425392151
except advertising everything is fine,positive,neutral,0.5070765614509583,0.03645581007003784,0.5070765614509583,0.4564676582813263
does what it's meant to do,positive,neutral,0.4665720462799072,0.1832757294178009,0.4665720462799072,0.3501521944999695
it's bad browsing with opera,positive,neutral,0.7227529287338257,0.20155556499958038,0.7227529287338257,0.07569152116775513
storm warnings are behind. weather warnings just seams to be behind,neutral,neutral,0.5883501172065735,0.31104332208633423,0.5883501172065735,0.10060656815767288
not really but they had an annoying notification getting me to rate the app so,negative,neutral,0.7300950884819031,0.051124706864356995,0.7300950884819031,0.21878018975257874
was better before they started messing with it. but still a bit of silly fun,neutral,neutral,0.7287532091140747,0.06867782771587372,0.7287532091140747,0.20256902277469635
can no longer save locations.,neutral,negative,0.8892562985420227,0.8892562985420227,0.09349873661994934,0.01724497601389885
"i use to like this app. but now the radar animation don't work,and i use to like that. i see it doesn't work for other people either sence the upgrade.",negative,neutral,0.4967536926269531,0.4237643778324127,0.4967536926269531,0.07948189228773117
it works but thats it,neutral,neutral,0.7369257211685181,0.10037670284509659,0.7369257211685181,0.16269758343696594
"next update have any problems after i'm updates its say bbm not responding, and refresh page is take a long time, maybe <number> minutes, why the hell??",neutral,negative,0.5437299609184265,0.5437299609184265,0.40155157446861267,0.0547185018658638
"just downloaded it, and haven't had the chance to use it much.",positive,negative,0.8459230661392212,0.8459230661392212,0.13239556550979614,0.021681439131498337
inferior to the ios version.,neutral,neutral,0.47952786087989807,0.45666882395744324,0.47952786087989807,0.0638033077120781
"this app just simply doesnt care if i have allowed the data access or not. despite completely stopping the access to mobile data and wifi, it still runs in the background, connects with the internet and receives the texts. extremely intrusive and not something to have installed on your phone. if this is how it behaves, then it can't be trusted. uninstalled.",negative,negative,0.9447916746139526,0.9447916746139526,0.04472191259264946,0.01048649288713932
quick booking. many options.,positive,positive,0.887693464756012,0.015344403684139252,0.09696218371391296,0.887693464756012
can't jump to pages. up arrow disappears. at least make it optional for up arrow to stay visible all the time. just plain out aggregating to use.,negative,negative,0.5771249532699585,0.5771249532699585,0.3805428445339203,0.042332231998443604
very lag and make my phone so slow,negative,negative,0.5029778480529785,0.5029778480529785,0.41320961713790894,0.08381246030330658
useful and stable application <signature>,positive,positive,0.8937222957611084,0.014753817580640316,0.09152389317750931,0.8937222957611084
overall a good app fast downloading and <signature>,positive,positive,0.8879784345626831,0.010529126040637493,0.10149247944355011,0.8879784345626831
good place to work in groups,positive,positive,0.6581973433494568,0.016048068180680275,0.32575464248657227,0.6581973433494568
good application. but needs some improvement,positive,positive,0.4958280920982361,0.01599770039319992,0.4881742000579834,0.4958280920982361
good app but to much fake news and add,negative,positive,0.6611862182617188,0.014908555895090103,0.32390522956848145,0.6611862182617188
cool idea with severe (ironic) bug,positive,neutral,0.6444705128669739,0.12000969797372818,0.6444705128669739,0.23551975190639496
this app are clearing all data,neutral,negative,0.8893035054206848,0.8893035054206848,0.090008445084095,0.02068801410496235
good for a waytomake moneyon the side,neutral,neutral,0.6296305656433105,0.0457509346306324,0.6296305656433105,0.32461848855018616
it is very nice app,neutral,positive,0.8513074517250061,0.013523867353796959,0.13516874611377716,0.8513074517250061
"best editing software. ui is easy , but please remove the trial",positive,neutral,0.5759904980659485,0.030636344105005264,0.5759904980659485,0.39337319135665894
not visible in app tray!,positive,negative,0.7523141503334045,0.7523141503334045,0.21963395178318024,0.02805188298225403
the only thing i would do different is make this available on facebook i can't access it for my posts. had to uninstall and reinstall as it stopped working.,neutral,negative,0.8895318508148193,0.8895318508148193,0.0870383158326149,0.0234298724681139
"would have been a perfect app excet for the fact that you cant insert the icon into your current text, but have to start a new one(text) <url> , and with every icon!",neutral,positive,0.5324994921684265,0.04958400875329971,0.41791650652885437,0.5324994921684265
some issues in confirming the booking.,neutral,neutral,0.7347983717918396,0.04698295146226883,0.7347983717918396,0.21821865439414978
pls also cover news of intl. importance,neutral,positive,0.5689790844917297,0.14516517519950867,0.285855770111084,0.5689790844917297
very easy to navigate,positive,positive,0.909508228302002,0.016432002186775208,0.07405979931354523,0.909508228302002
won't stop shutting down. reported several times,negative,negative,0.8996937870979309,0.8996937870979309,0.08354152739048004,0.016764789819717407
easy and very helpful,positive,positive,0.9187930226325989,0.013589573092758656,0.06761741638183594,0.9187930226325989
"there is a problem, at least in this version, each time i try to view an already downloaded city guide while i'm online, always displays the search page for hotels <url>",neutral,neutral,0.810893714427948,0.09814748167991638,0.810893714427948,0.09095882624387741
i am just downloading the app after completion i'll increase or decrease the rating based on the app performance,neutral,negative,0.6487784385681152,0.6487784385681152,0.30701619386672974,0.044205307960510254
"notif now okay, ads still not ok",positive,negative,0.6517042517662048,0.6517042517662048,0.3097057044506073,0.03859006240963936
"great app, too bad i'm on android.",positive,positive,0.7817437648773193,0.027222363278269768,0.19103379547595978,0.7817437648773193
"it's is very effective app , but it takes too much time in opening",neutral,positive,0.6765502095222473,0.015692338347434998,0.3077574670314789,0.6765502095222473
same bad it is good for search and for download but it is no to much good when i open uc browser on it home sreen or default and not save language option for my side not good,neutral,neutral,0.6439893841743469,0.2815468907356262,0.6439893841743469,0.07446372509002686
not good for me,negative,negative,0.6968440413475037,0.6968440413475037,0.26265600323677063,0.04049994423985481
it's good for few days later it is not working well,neutral,neutral,0.7414476275444031,0.02750239148736,0.7414476275444031,0.23104995489120483
"keeps crashing. really looked fwd to checking it out, but crashes all the time. the few times it worked the timer got messed <url> work it out!",neutral,negative,0.8408817052841187,0.8408817052841187,0.137810617685318,0.0213076863437891
the worst - yet the only <url> ckck,negative,negative,0.8405537009239197,0.8405537009239197,0.1176375076174736,0.04180877283215523
i love this app!it really helped me! devs keep on fixing and constantly improving on the app. worth any all in app purchases (which are very cheap btw). just missing a widget! &lt;/ <number>,negative,positive,0.8667910695075989,0.04153500497341156,0.09167388826608658,0.8667910695075989
my bbm very slow .. what happen ??,negative,negative,0.6752290725708008,0.6752290725708008,0.28147584199905396,0.04329511895775795
i like booking in my computer,neutral,positive,0.8346299529075623,0.017898939549922943,0.14747107028961182,0.8346299529075623
i like this app,positive,positive,0.8256018161773682,0.023689724504947662,0.15070846676826477,0.8256018161773682
can't do or find anything on the app,negative,negative,0.717349648475647,0.717349648475647,0.25404515862464905,0.028605226427316666
why open raw files ?,positive,neutral,0.5784859657287598,0.28494009375572205,0.5784859657287598,0.1365739107131958
"all but useless in europe. slow to update and most features just don't work here at all. added a daily weather report, great! oh wait, it describes only one <url>",negative,negative,0.8701810240745544,0.8701810240745544,0.10403448343276978,0.025784432888031006
something very wrong with the app,negative,negative,0.7997191548347473,0.7997191548347473,0.16623689234256744,0.03404398635029793
iterate this app more then ads,negative,neutral,0.6023529171943665,0.18797995150089264,0.6023529171943665,0.2096671611070633
old seen should not repeat please,neutral,negative,0.6094334721565247,0.6094334721565247,0.3104741871356964,0.08009237796068192
great app for traveling,positive,positive,0.8864587545394897,0.023219289258122444,0.09032190591096878,0.8864587545394897
was so great <url> but <url>,negative,neutral,0.5754590630531311,0.1481570452451706,0.5754590630531311,0.2763838768005371
it's a nice app,positive,positive,0.7372556328773499,0.012904442846775055,0.2498399317264557,0.7372556328773499
i love this service,positive,positive,0.5983235836029053,0.18496578931808472,0.21671061217784882,0.5983235836029053
larry delaney like it,neutral,positive,0.7125518321990967,0.03813016414642334,0.2493179738521576,0.7125518321990967
not working with google messenger,neutral,negative,0.8761662840843201,0.8761662840843201,0.1062275692820549,0.017606118693947792
"i am enjoying the app very much, it was recommended by my nephew and it is everything that he said it would be!!",positive,positive,0.8905777931213379,0.03160541504621506,0.07781675457954407,0.8905777931213379
really only works with small documents and even then runs into freezes on motorola droid. no page jump which for books is necessary,negative,neutral,0.7160158157348633,0.15792742371559143,0.7160158157348633,0.1260567605495453
"i used to really love this app until it started killing my trees just for receiving a notification that i hadn't opened yet. advanced detection is not on. may as well turn the phone off, but i use it for music.",negative,neutral,0.6113215684890747,0.241665318608284,0.6113215684890747,0.1470131278038025
crashes immediately after startup - can't use it!,negative,negative,0.9196159839630127,0.9196159839630127,0.0682457759976387,0.012138293124735355
can't login to bbm,negative,negative,0.7048314809799194,0.7048314809799194,0.2684137523174286,0.026754742488265038
an very much useful application,positive,positive,0.8630582094192505,0.01901286467909813,0.11792892217636108,0.8630582094192505
works great except a few things,positive,positive,0.7493575215339661,0.02186696231365204,0.22877554595470428,0.7493575215339661
"<salutation> awful interface lacking any true customisation, yet another chat app that brings nothing new to the table and steals ideas from discord, an exercise in reinventing the wheel which hasn't been updated in years and crashes all the time. also i wouldn't trust this app if you value your privacy. avoid like the plague.",negative,negative,0.8666135668754578,0.8666135668754578,0.10908389836549759,0.024302517995238304
good for editing bad for storage,neutral,neutral,0.7438992261886597,0.07520753890275955,0.7438992261886597,0.1808931678533554
"it's <url> only downside is can't make just any emotion, but overall great",positive,positive,0.8541412353515625,0.012708564288914204,0.13315019011497498,0.8541412353515625
used to work . please fix,negative,negative,0.8681164383888245,0.8681164383888245,0.11028128862380981,0.021602286025881767
it would be great if there's a feature where i can sort my files in folders because it is irritating to find a certain file in my sea of different subjects.,positive,positive,0.5456768274307251,0.0174439437687397,0.4368792772293091,0.5456768274307251
one thing that uc devs definitely do is to remove ads and news <url> page is annoying if we want to read then will go in news site,negative,neutral,0.6540873646736145,0.23808875679969788,0.6540873646736145,0.10782382637262344
nice to be back,positive,positive,0.6750630140304565,0.03001098334789276,0.2949259877204895,0.6750630140304565
"in all, we have to check this.",neutral,neutral,0.4822598993778229,0.20350319147109985,0.4822598993778229,0.31423693895339966
freezes on some files,neutral,neutral,0.6647853851318359,0.2557111382484436,0.6647853851318359,0.07950354367494583
cannot save progress without spending money.,negative,negative,0.787601888179779,0.787601888179779,0.18552982807159424,0.026868339627981186
greatly helpful. i like it,positive,positive,0.922318160533905,0.014235441572964191,0.06344645470380783,0.922318160533905
can't even spell sydney right,negative,negative,0.8296164870262146,0.8296164870262146,0.15010575950145721,0.02027779072523117
can't even create an account,negative,negative,0.9356065392494202,0.9356065392494202,0.054019466042518616,0.010373991914093494
nice app but you put extra features in this app but app is good,neutral,positive,0.6260286569595337,0.015494889579713345,0.358476459980011,0.6260286569595337
"good, but better without all those ads like other free messengers such as whatsapp, telegram, etc",neutral,neutral,0.6454034447669983,0.024983052164316177,0.6454034447669983,0.3296135365962982
wow. useless. hated it. <number> stars. (if i <url> ),negative,negative,0.9461576342582703,0.9461576342582703,0.03988371789455414,0.013958686031401157
"bloated, glorified chat. i use it because my company obliges me to do so.",negative,negative,0.7392012476921082,0.7392012476921082,0.20661583542823792,0.05418289080262184
it dors ansolutely nothing. wastef my time!,negative,negative,0.9037331938743591,0.9037331938743591,0.07761819660663605,0.018648548051714897
superb editing in this,neutral,positive,0.8821530938148499,0.02109297178685665,0.09675393998622894,0.8821530938148499
"generally very good & helpful, with some good prices. free cancellation option is extremely useful.",positive,positive,0.9070228338241577,0.011296533979475498,0.08168058842420578,0.9070228338241577
"the ""i'm listening to"" <url>",positive,positive,0.35221555829048157,0.2960239350795746,0.3517604470252991,0.35221555829048157
"solid app, but lacking in the tablet ux area",positive,neutral,0.6431689262390137,0.027636047452688217,0.6431689262390137,0.3291950523853302
let people to create more characters,neutral,positive,0.7030838131904602,0.04692777618765831,0.24998843669891357,0.7030838131904602
app is good brower is so fast but news section in uc brower is the worst thing in the world,neutral,neutral,0.6729393005371094,0.11936686933040619,0.6729393005371094,0.2076939344406128
"it is good easy to use , but why i have to download opera browser to download any videos from uc browser please fix this problem .",neutral,neutral,0.7247072458267212,0.028488503769040108,0.7247072458267212,0.24680432677268982
it worked better before the <url> anything posted is hard to see and get to.,neutral,neutral,0.6659910678863525,0.13069972395896912,0.6659910678863525,0.20330917835235596
can't apply for instagram. please updated,neutral,negative,0.6313698887825012,0.6313698887825012,0.3287492096424103,0.03988092392683029
image size goes from <number> mb to <number> kb else fine.,neutral,neutral,0.7995988726615906,0.07059845328330994,0.7995988726615906,0.12980259954929352
please enable apps <number> sd immediately. <signature>,negative,neutral,0.510558009147644,0.17331020534038544,0.510558009147644,0.3161318302154541
like the app but the don't update rainfall very often.,positive,neutral,0.5300260186195374,0.022327199578285217,0.5300260186195374,0.44764676690101624
i liked <url> the size of this app is <url> is better,positive,positive,0.6867614388465881,0.02562752366065979,0.28761109709739685,0.6867614388465881
this app is extremely bloated. for the functionality provided it should fit within <number> mb without issues.,negative,neutral,0.595858633518219,0.3190641403198242,0.595858633518219,0.08507721871137619
half assed. uninstall! droid ally,negative,negative,0.9547721147537231,0.9547721147537231,0.034384626895189285,0.010843237861990929
quite nice - would be useful to edit posts from mobile,positive,positive,0.7176629304885864,0.013792142271995544,0.26854491233825684,0.7176629304885864
app <number> f. temp <number> f,negative,neutral,0.4789418578147888,0.39161577820777893,0.4789418578147888,0.12944243848323822
too many update it's annoying,neutral,neutral,0.7112423181533813,0.19873252511024475,0.7112423181533813,0.09002514183521271
not responding to phone calls or emails. no customer service at all.,negative,negative,0.9132809638977051,0.9132809638977051,0.07276194542646408,0.01395714096724987
thanks for fixing the problem,negative,positive,0.6731714010238647,0.032481539994478226,0.2943471074104309,0.6731714010238647
room rate at times is misleading subject to additional charges,neutral,neutral,0.6704538464546204,0.2155144065618515,0.6704538464546204,0.11403171718120575
access to files/photos/media,negative,positive,0.513640284538269,0.08250726759433746,0.4038524329662323,0.513640284538269
"best messaging app, not so great for file sharing though",positive,positive,0.6533583402633667,0.014991451054811478,0.3316502273082733,0.6533583402633667
they want to much access,neutral,negative,0.4525444209575653,0.4525444209575653,0.41587841510772705,0.13157714903354645
"would love more clothing choices, glasses and skin tones.",neutral,positive,0.8443739414215088,0.01812738925218582,0.1374986320734024,0.8443739414215088
line freecall is better than bbm freecall,neutral,neutral,0.659542441368103,0.06655056029558182,0.659542441368103,0.27390700578689575
this app very nice & use very easy,neutral,positive,0.9165593981742859,0.014097588136792183,0.06934304535388947,0.9165593981742859
make the dp full hd,neutral,neutral,0.515007734298706,0.09253844618797302,0.515007734298706,0.3924538493156433
good if it doesn't has annoying news banners,positive,neutral,0.7114768028259277,0.026624344289302826,0.7114768028259277,0.2618989050388336
please make the lite variant of this app for smartphones with less storage.,negative,neutral,0.4784189760684967,0.06367994099855423,0.4784189760684967,0.45790109038352966
age group <number> to <number> years old,negative,neutral,0.49294549226760864,0.2559913396835327,0.49294549226760864,0.25106316804885864
takes a lot of space,negative,neutral,0.666064441204071,0.10903139412403107,0.666064441204071,0.22490417957305908
trible app. ui is horrible.,negative,negative,0.9064547419548035,0.9064547419548035,0.07770641893148422,0.01583874598145485
loved the app very much,positive,positive,0.6710058450698853,0.1365986466407776,0.19239550828933716,0.6710058450698853
this bbm is not working on my galaxy s <number> edge why,neutral,negative,0.8314292430877686,0.8314292430877686,0.1468242108821869,0.021746478974819183
it's great <url>,neutral,positive,0.8530233502388,0.015405410900712013,0.13157124817371368,0.8530233502388
where is option for timer,negative,neutral,0.6844307780265808,0.07614310830831528,0.6844307780265808,0.23942607641220093
well not. so good work but. some what.,neutral,neutral,0.7900286316871643,0.05061597004532814,0.7900286316871643,0.1593553125858307
this could be great <url>,neutral,neutral,0.6005162000656128,0.12245429307222366,0.6005162000656128,0.27702951431274414
take too much space or ram to run,neutral,neutral,0.6379842162132263,0.282312273979187,0.6379842162132263,0.07970350235700607
very useful. ive used the app many times in the last few years. hv even referred others by telling them directly. wish full address address of property could be included even before booking. thats my only complaint.,positive,positive,0.8217107653617859,0.01546001248061657,0.1628292053937912,0.8217107653617859
i love it but she doesn't look like me after making so many changes!!,positive,positive,0.6159805655479431,0.06722661107778549,0.3167928457260132,0.6159805655479431
"it's ok, but since it appears to have basic reflow why can't we have white text on black background to save battery?",neutral,neutral,0.7915736436843872,0.026830023154616356,0.7915736436843872,0.18159636855125427
great!!! amazing tool for textbooks in pdf <url> i use it on my lenovo tab <number> <number> plus and it works awesome. most of my medical textbooks converted in pdf run absolutely fine with this app.,positive,positive,0.9121317863464355,0.01984543353319168,0.06802280247211456,0.9121317863464355
bothering me for a rating,neutral,neutral,0.5123239755630493,0.3874441385269165,0.5123239755630493,0.10023187845945358
it works great until you need to use another app. even when i whitelist apps my tree still withers,neutral,positive,0.5199806094169617,0.029164154082536697,0.45085519552230835,0.5199806094169617
good weather overview. occasionally buggy (no pun intended).,positive,positive,0.7267950773239136,0.0180955957621336,0.2551092803478241,0.7267950773239136
when it works is great,neutral,neutral,0.4902442693710327,0.05981631949543953,0.4902442693710327,0.44993942975997925
radar map doesnt work at all since last update. please fix and get <number> stars,negative,negative,0.8549007773399353,0.8549007773399353,0.12884628772735596,0.01625295728445053
"how do i use on facebook,?",negative,neutral,0.5126513838768005,0.2178654670715332,0.5126513838768005,0.26948320865631104
used to be my favorite app,negative,negative,0.7366554141044617,0.7366554141044617,0.21048018336296082,0.0528644323348999
its all good except for one thing.,neutral,neutral,0.6280277371406555,0.023328563198447227,0.6280277371406555,0.3486437201499939
to good to be true,positive,positive,0.42736563086509705,0.22180776298046112,0.35082659125328064,0.42736563086509705
this app is useful for me,positive,positive,0.8204354643821716,0.016733499243855476,0.16283102333545685,0.8204354643821716
"only worked for a day, then the app would never open and kept saying there was a error. uninstalled the re-installed <number> times never worked again",negative,negative,0.9349805116653442,0.9349805116653442,0.05358557403087616,0.01143384538590908
not able to open pdf's downloaded to sd <url>,negative,negative,0.8410990238189697,0.8410990238189697,0.13796855509281158,0.020932387560606003
slow and crashes dinc v <number> . <number>,negative,negative,0.5401937961578369,0.5401937961578369,0.4003252387046814,0.05948095768690109
"easy to use, fairly accurate!",positive,positive,0.9155043363571167,0.011886198073625565,0.07260940223932266,0.9155043363571167
its a usefull app for informal office communication.,positive,positive,0.9022647738456726,0.01178871002048254,0.08594652265310287,0.9022647738456726
"facebook face detection doesn't work, so you have to start from scratch. also not enough selection to choose from.",neutral,negative,0.7560579180717468,0.7560579180717468,0.21844936907291412,0.025492699816823006
more than one and add more stuff. (stuff to make the avatar),neutral,positive,0.8245704770088196,0.018079280853271484,0.15735018253326416,0.8245704770088196
i can't play it that sucks,negative,negative,0.8929696679115295,0.8929696679115295,0.08871939033269882,0.018310900777578354
crashes during import htc one m <number>,negative,negative,0.7663307785987854,0.7663307785987854,0.1993933618068695,0.03427586331963539
does exactly what it says. i like it.,positive,positive,0.8658896088600159,0.018618326634168625,0.115492083132267,0.8658896088600159
i think this app is good,positive,positive,0.5661618709564209,0.016450949013233185,0.4173871874809265,0.5661618709564209
great app. free cancellation should be indicated per hotel before booking.,positive,positive,0.893538773059845,0.023077748715877533,0.08338349312543869,0.893538773059845
"it's great for pdf, i only wish it supported other book formats like epub or mobi",positive,positive,0.8134286403656006,0.011673214845359325,0.17489811778068542,0.8134286403656006
"stopped working and deleted everything after a week, pretty poor i'd say",negative,negative,0.8646971583366394,0.8646971583366394,0.11326076835393906,0.022042063996195793
"a couple days ago, started telling me it can't attatch the emoji to my texts, that just stinks! i have a galaxys <number>",negative,negative,0.7929171323776245,0.7929171323776245,0.17806552350521088,0.029017334803938866
overall very useful app. i only don't like the fact that also sold-out hotels are shown. can be quite frustrating.,positive,positive,0.6430835127830505,0.017551466822624207,0.33936503529548645,0.6430835127830505
works well. it could have been better if approximate dates were allowed in search form.,positive,positive,0.6127979159355164,0.01660863868892193,0.37059342861175537,0.6127979159355164
still not as good as it could be!,neutral,neutral,0.722993791103363,0.16181716322898865,0.722993791103363,0.11518900841474533
for more information about this review go to <url>,negative,neutral,0.46046531200408936,0.21408657729625702,0.46046531200408936,0.32544809579849243
its been <number> years im using uc browser i gave a feedback that in uc browser we can't download videos directly to sd <url> have given a feedback about this past <number> years back but still uc team have not sloved my <url> service i request google team to please remove this uc browser from google <url> dnt need this kind of careless team ..,negative,negative,0.8884032368659973,0.8884032368659973,0.09630569070577621,0.015291143208742142
awesome app to find any <url> it,positive,positive,0.8500655293464661,0.020726988092064857,0.12920747697353363,0.8500655293464661
ok permissions fix. i've updated and given back two of the four stars i'd dropped.,neutral,neutral,0.7559230327606201,0.05991899222135544,0.7559230327606201,0.18415798246860504
i love the idea but can we get a weekly forest too?? that would be quite motivating!,neutral,positive,0.8124086856842041,0.015230435878038406,0.1723608374595642,0.8124086856842041
it's very good for edit photos and make photos and make a design of any things,positive,positive,0.8925075531005859,0.0150130745023489,0.09247934818267822,0.8925075531005859
"i really love the lightroom software for laptops and other devices, but i don't find the app really convincing when compared to the software as you just miss so many options in the app",neutral,positive,0.6075052618980408,0.029140256345272064,0.36335450410842896,0.6075052618980408
"latest version is <number> . <number> . <number> , last updated on <number> th september <number> . uninstalled as abandoned. desktop is already at <number> . <number> .",negative,negative,0.892109751701355,0.892109751701355,0.08759459108114243,0.02029557153582573
just click the back button and my tree will still <url> and i don't think i have the whitelist edit- i think your tree only dies when you open another app that isn't on your whitelist or else the list is <url> am i wrong?,positive,negative,0.6439371109008789,0.6439371109008789,0.30920854210853577,0.046854425221681595
adobe products are awsome,positive,neutral,0.5435592532157898,0.3701969087123871,0.5435592532157898,0.08624386042356491
latest update fails to install with 'unknown reason - <number> ',neutral,negative,0.8101094365119934,0.8101094365119934,0.1645728051662445,0.02531774342060089
"the app syncs messages too slowly and marking messages as ""read"" is buggy.",neutral,neutral,0.8514716625213623,0.06493916362524033,0.8514716625213623,0.08358914405107498
"great service, terrible app. the app doesn't seem work with mobile internet which makes it mostly useless.",negative,negative,0.9115443229675293,0.9115443229675293,0.07017827033996582,0.018277358263731003
now <number> % harder to use,negative,negative,0.5114913582801819,0.5114913582801819,0.40544918179512024,0.08305943757295609
marginal but still better than others i have tried.,neutral,neutral,0.6447482705116272,0.13627102971076965,0.6447482705116272,0.21898064017295837
the app doesn't provide multiple tabs at a time. it would be great if its possible.,positive,neutral,0.7855813503265381,0.04423864185810089,0.7855813503265381,0.17017999291419983
good app and uesfull,negative,positive,0.6739790439605713,0.02107146382331848,0.30494946241378784,0.6739790439605713
only hate the <url>,positive,neutral,0.3614986836910248,0.28568705916404724,0.3614986836910248,0.352814257144928
"i was using it every day and i think it was brilliant, even upgraded to paid version but since last update i haven't been able to access it at all as it keeps crashing. please fix it.",neutral,neutral,0.556272566318512,0.11962880194187164,0.556272566318512,0.3240986168384552
wont work for saml integration,neutral,negative,0.9189054369926453,0.9189054369926453,0.06874909996986389,0.012345362454652786
good but ads are annoying,neutral,neutral,0.6693951487541199,0.024312743917107582,0.6693951487541199,0.30629217624664307
"app works fine, but it is very disappointing that there is no possibility to just use the map to find available accommodation. you always have to fill a place to search, but mostly i just want to browse and see what's available, regardless of the location.",neutral,neutral,0.7419099807739258,0.025805624201893806,0.7419099807739258,0.23228438198566437
worst app and if it is install u r phone become a virus attack,negative,negative,0.9423875212669373,0.9423875212669373,0.04613476246595383,0.011477716267108917
not what i'd expect from the creators,neutral,negative,0.6436410546302795,0.6436410546302795,0.3145636022090912,0.04179536923766136
"won't leave my facebook, like a <url>",negative,negative,0.8650659918785095,0.8650659918785095,0.11739660799503326,0.017537344247102737
ads is an inconvenient thing so far,positive,negative,0.7276016473770142,0.7276016473770142,0.23610781133174896,0.036290500313043594
"i like the interface , it's really good. for me, i feel it would be nice to have a look up option when we right-click on words . it's functionality is to link up words to our dictionary apps. <signature>",positive,positive,0.8741215467453003,0.01055067777633667,0.11532779783010483,0.8741215467453003
good but many <url>,positive,neutral,0.684419572353363,0.03570067510008812,0.684419572353363,0.2798798084259033
requires photos to be imported into lightroom. i know this has how the desktop version but wish the mobile version was faster and easier to use.,neutral,neutral,0.8143050074577332,0.050398536026477814,0.8143050074577332,0.13529649376869202
miss tabs to move between open docs. otherwise is fab.,positive,neutral,0.7973201274871826,0.08901165425777435,0.7973201274871826,0.11366822570562363
"they stole from me i wanted a refund and because the manager of the hotel i chose treated me indifferently all because i wasn't <number> and so i emailed their "" <number> hour customer service"" and never got helped. lost $ <number> . don't use this app it is a trap.",negative,negative,0.9491028189659119,0.9491028189659119,0.04023682698607445,0.01066034846007824
my ag fans love the photos i do,positive,positive,0.8152057528495789,0.06745272874832153,0.11734157800674438,0.8152057528495789
this app would be perfectly awesome if it worked with the keyboard on my tablet so that i could use it in facebook when i <url> without white backgrounds,neutral,positive,0.7173057198524475,0.021120790392160416,0.2615734338760376,0.7173057198524475
"why my friends can retract or delete their messages, while i can't? i don't know what bb phone or android they have.",neutral,neutral,0.5945566296577454,0.313114196062088,0.5945566296577454,0.09232921153306961
it sucks non free things to choose from,negative,negative,0.9163327217102051,0.9163327217102051,0.06759268790483475,0.0160746481269598
this is very good app for downloading,positive,positive,0.8531628847122192,0.017002156004309654,0.12983496487140656,0.8531628847122192
not accurate information all the time,neutral,neutral,0.5508712530136108,0.38254567980766296,0.5508712530136108,0.06658310443162918
cannot show my reserved bookings,negative,negative,0.6172242164611816,0.6172242164611816,0.34188786149024963,0.04088788479566574
i love this app,positive,positive,0.5053258538246155,0.23506031930446625,0.2596138119697571,0.5053258538246155
my company forces me to use this app.,neutral,negative,0.9141187071800232,0.9141187071800232,0.07088347524404526,0.01499774307012558
it's hard to cancel a booking when <url> to use,neutral,neutral,0.7823691964149475,0.06685340404510498,0.7823691964149475,0.15077736973762512
won't open email attachments,negative,negative,0.9262391328811646,0.9262391328811646,0.06323046237230301,0.010530352592468262
couldn't find a better suited search app. compliments to the team. trivago couldn't find these many options.,positive,negative,0.5584231019020081,0.5584231019020081,0.3891591727733612,0.052417706698179245
"simple to use, don't seem to be able to see complete booking information",positive,neutral,0.5876416563987732,0.04355468973517418,0.5876416563987732,0.3688037097454071
absolutely one of the <signature>,positive,positive,0.9083452820777893,0.028177062049508095,0.06347761303186417,0.9083452820777893
i like the reading mode specially. but sometimes it crashes.,positive,positive,0.656228244304657,0.021700726822018623,0.32207101583480835,0.656228244304657
sounds and digital mixer cansol,positive,positive,0.6792940497398376,0.0978040024638176,0.22290192544460297,0.6792940497398376
"lacks a lot of basic features such as bookmarks and ""goto page"". thinkoffice does a better job.",negative,neutral,0.8124818801879883,0.09934625029563904,0.8124818801879883,0.08817191421985626
much better than asana,positive,positive,0.6832913756370544,0.051948439329862595,0.26476022601127625,0.6832913756370544
better on my windows phone,negative,neutral,0.5454350113868713,0.06845274567604065,0.5454350113868713,0.3861122727394104
it's good but always show on screen when i switch on my home screen,neutral,positive,0.5061859488487244,0.014535670168697834,0.4792783856391907,0.5061859488487244
this app is my go to when i need to know about the weather.,positive,positive,0.7922403812408447,0.03861246258020401,0.16914714872837067,0.7922403812408447
"okay but not great, and not really improving",neutral,neutral,0.789106547832489,0.05972814932465553,0.789106547832489,0.15116535127162933
it should have pause option,neutral,neutral,0.7471221685409546,0.05055857449769974,0.7471221685409546,0.20231923460960388
"all is good in this app except i couldn't see any hdr option while clicking photos, may be since i use oneplus one, which also has high processing power and advanced chipset enough to support this app. so they should support many more devices like this! hope the support arrives in next update itself.",neutral,neutral,0.4924103319644928,0.018234869465231895,0.4924103319644928,0.4893547296524048
"professional app , useful for office purpose , easily connect to office by mobile but too much heavy unable to send messages on slow network.",positive,positive,0.9066430926322937,0.016269808635115623,0.07708707451820374,0.9066430926322937
update is not starting after clicking on update button,negative,negative,0.5409978628158569,0.5409978628158569,0.4097736179828644,0.049228519201278687
hate it since the update,negative,negative,0.8974695801734924,0.8974695801734924,0.08202355355024338,0.0205068439245224
tired of getting ripped off.,negative,negative,0.538507342338562,0.538507342338562,0.3841423988342285,0.07735025137662888
had to sleep in the truck!,negative,negative,0.91274493932724,0.91274493932724,0.07280419021844864,0.014450808987021446
radar stopped working. i would've given <number> star rating if it worked.,negative,negative,0.8910863995552063,0.8910863995552063,0.08979176729917526,0.019121764227747917
worst experience in goa,negative,negative,0.938341498374939,0.938341498374939,0.048874564468860626,0.012783953920006752
like it because it syncs better,positive,positive,0.7522099614143372,0.018135899677872658,0.22965416312217712,0.7522099614143372
i can connect to my friends.,positive,positive,0.8446023464202881,0.028703171759843826,0.12669450044631958,0.8446023464202881
i love this app,negative,positive,0.5053258538246155,0.23506031930446625,0.2596138119697571,0.5053258538246155
fantastic app for downloading and easy to use,positive,positive,0.9100677967071533,0.01560878474265337,0.07432344555854797,0.9100677967071533
"unable to change alert sound. not in options. unable to enable alerts per channel, on all or keywords and direct. closer to a beta than an app.",negative,negative,0.7996786236763,0.7996786236763,0.17108409106731415,0.029237262904644012
so much fun! makes people laugh.,positive,positive,0.7867100834846497,0.06427241116762161,0.14901746809482574,0.7867100834846497
similar to all other photo editing apps. doesn't stand out from ythe rest.,neutral,neutral,0.6870734095573425,0.22947774827480316,0.6870734095573425,0.08344881236553192
the quality of display picture is so bad,neutral,negative,0.6757909059524536,0.6757909059524536,0.2834268808364868,0.04078223556280136
this app is very fast,neutral,positive,0.843381404876709,0.022938942536711693,0.13367964327335358,0.843381404876709
dear friends do not install this browser. this browser is pathrtic <url> will ads and ads on this .really annoying,negative,negative,0.9175513982772827,0.9175513982772827,0.06911390274763107,0.013334685005247593
please fix so i can type!,negative,neutral,0.5857894420623779,0.08888810127973557,0.5857894420623779,0.3253224194049835
able to provide sufficent info regarding hotel that want to be rent,positive,positive,0.8890405893325806,0.022284474223852158,0.08867497742176056,0.8890405893325806
they make you pay to create an account!! this is outrageous.,negative,negative,0.9356378316879272,0.9356378316879272,0.04908749461174011,0.015274572186172009
"it's a great concept for assosiating a reward to focus for those of us who struggle; however, my tree withers when someone phones me and i don't answer which is obviously a piss off.",positive,positive,0.731359601020813,0.01836857944726944,0.25027182698249817,0.731359601020813
really a very good app,positive,positive,0.8619129061698914,0.016403399407863617,0.12168370187282562,0.8619129061698914
awesome app! it will be better if you sync all your timers on your phones and chrome/mozilla extension. because i have to start to plant on my <number> phones and my browers when i'm working when you can do it just once and all your timers will start automatically. i hope you do it!,positive,positive,0.880851686000824,0.016220787540078163,0.1029275432229042,0.880851686000824
this app is very nice,positive,positive,0.8614546656608582,0.014574910514056683,0.12397034466266632,0.8614546656608582
"this app is super cute! my only complaint is that there is no piercing section! i have <number> piercings and would really like to at least have a nose ring! or maybe earrings? also think you should be able to customize outfits, like pick a shirt, bottoms, and shoes! instead of just the premade outfits.",positive,positive,0.8446292877197266,0.018882593140006065,0.13648806512355804,0.8446292877197266
"app is okay but has superfluous things that i will never use. including every option is okay but the ideal app would allow for complete customization of components and page information that is pertinent to the user and where they are located. additionally, collecting metrics on what users actually use versus what is weak allows for improved development of the weaker app areas. that said, i have used this app for a long time with little cause for complaint.",neutral,neutral,0.6580176949501038,0.03290419280529022,0.6580176949501038,0.3090780973434448
could you please add an option for exporting photos using the png format? it would be very handy.,neutral,positive,0.6849175691604614,0.019184404984116554,0.2958980202674866,0.6849175691604614
i like the reflow feature. but useless for me as i can't search nor skip to a specific page (have to scroll through entire books),negative,neutral,0.5892148613929749,0.029110834002494812,0.5892148613929749,0.3816743493080139
"simple yet effective. would be great if the app had more customisation options like moving the plants around, changing the colour etc.",positive,positive,0.8210133910179138,0.012097089551389217,0.16688954830169678,0.8210133910179138
uc brouser is <signature>,positive,neutral,0.3711544871330261,0.2812266945838928,0.3711544871330261,0.3476187586784363
not starting since last update. please see to it. i gave <number> star so you can quickly check my issue. my phone is note <number> neo n <number>,positive,neutral,0.606343686580658,0.21960009634494781,0.606343686580658,0.17405621707439423
doesn't work properly on nova launcher,neutral,negative,0.8691928386688232,0.8691928386688232,0.1153942123055458,0.015412953682243824
"useful, informative and helpful <signature>",positive,positive,0.9163808226585388,0.014335433952510357,0.06928367167711258,0.9163808226585388
still no floating head!! disappointed,negative,negative,0.777665376663208,0.777665376663208,0.18530070781707764,0.03703394904732704
this app sucks now,negative,negative,0.9500823616981506,0.9500823616981506,0.03891976550221443,0.010997907258570194
it can't find my photos,negative,negative,0.7752488255500793,0.7752488255500793,0.19798074662685394,0.026770401746034622
what happened to my little shortcut!? or used to stay open in all my messaging <url> now it's gone!!,negative,negative,0.8949049115180969,0.8949049115180969,0.08795537799596786,0.017139647156000137
stable and functional but not totally user friendly.,neutral,positive,0.5884333848953247,0.023103205487132072,0.38846340775489807,0.5884333848953247
this is good <url>  downloading movies but many. ads are come in between browsing,neutral,neutral,0.6414622664451599,0.020600514486432076,0.6414622664451599,0.3379371762275696
i don't like the company not the app,negative,neutral,0.6670173406600952,0.17668549716472626,0.6670173406600952,0.1562972217798233
"great app but would love to have better clothing styles. maybe peacoats, pencil skirts etc. <signature>",positive,positive,0.8841779232025146,0.01310676708817482,0.10271528363227844,0.8841779232025146
radar map will not move. it hasn't been accurate either.,negative,negative,0.836793839931488,0.836793839931488,0.14274537563323975,0.02046077325940132
"simplistic, designed to exceed expectations and overcome limitations.",positive,neutral,0.6002094745635986,0.1465243101119995,0.6002094745635986,0.25326627492904663
<url> sometimes it's gone <url> hate slow,neutral,negative,0.5308960676193237,0.5308960676193237,0.3668529987335205,0.10225090384483337
"i would use it more but i dont like that it has to start a new message, would be better if it would just add to the convo on the screen",neutral,neutral,0.7382523417472839,0.04828306660056114,0.7382523417472839,0.2134646326303482
very bad app. it is forcing to instal. i think it is a virus.,negative,negative,0.9413049817085266,0.9413049817085266,0.046916455030441284,0.01177856046706438
better if no trial period and unlimited use for free,positive,neutral,0.5760661363601685,0.026546940207481384,0.5760661363601685,0.39738693833351135
great but needs presets access,neutral,positive,0.7139906287193298,0.022065885365009308,0.26394352316856384,0.7139906287193298
each time it simply keeps saying that my phone has <url> disgusting,negative,negative,0.66950523853302,0.66950523853302,0.27368396520614624,0.056810811161994934
keeps documents in line. i really like this application!,positive,positive,0.8796570301055908,0.02473827265202999,0.09560474008321762,0.8796570301055908
anyone video download stop and very slow download,negative,negative,0.8114732503890991,0.8114732503890991,0.1664978414773941,0.022028876468539238
used to work but no longer does. writing this review while my is growing :/,neutral,negative,0.8453767895698547,0.8453767895698547,0.12759166955947876,0.027031566947698593
limited options but fun,neutral,neutral,0.5499846339225769,0.024116119369864464,0.5499846339225769,0.4258992373943329
would give better but have'nt used much yet,negative,neutral,0.7154626846313477,0.049032147973775864,0.7154626846313477,0.235505148768425
"app ok, but temp doesn't update in notification bar",neutral,neutral,0.8141790628433228,0.06971058994531631,0.8141790628433228,0.11611036211252213
no way to redeem tickets.,neutral,negative,0.9355378746986389,0.9355378746986389,0.05168802663683891,0.012774000875651836
"silly app , it would let me open google while it will kill the plant if i open calculator or dictionary",negative,negative,0.8535420894622803,0.8535420894622803,0.12148870527744293,0.024969251826405525
"wow, such a pos!",negative,positive,0.46879592537879944,0.2016095072031021,0.32959461212158203,0.46879592537879944
is a great app but since the update a couple of days ago i can't get radar to work. tried uninstalling and reinstalling but doesn't work.,positive,neutral,0.7155711650848389,0.12704622745513916,0.7155711650848389,0.15738257765769958
"i hate start up with system, i don't use it frequently",negative,negative,0.8719892501831055,0.8719892501831055,0.10770587623119354,0.020304931327700615
push notifications not working,negative,negative,0.5603644847869873,0.5603644847869873,0.3946220278739929,0.04501347616314888
good combination with acrobat reader. it's quite clear,positive,positive,0.8886311650276184,0.010214424692094326,0.10115443915128708,0.8886311650276184
nice. update it to be more digital. very clear,positive,positive,0.8692601919174194,0.012766225263476372,0.11797360330820084,0.8692601919174194
nice but sometimes hanging,positive,positive,0.5442944169044495,0.02451314590871334,0.43119239807128906,0.5442944169044495
still getting to know it,positive,neutral,0.5265548229217529,0.119838185608387,0.5265548229217529,0.3536069989204407
i use it for reading articles and it's fine. would be useful to be able to open two articles at once for cross reference but otherwise happy with the app,positive,positive,0.8196741938591003,0.012898807413876057,0.1674269735813141,0.8196741938591003
its better than others,neutral,neutral,0.523624837398529,0.026873931288719177,0.523624837398529,0.44950124621391296
does not work. in play store not listed as trial .come on adobe you stop down loads from your services now products do not work and listed as free we hen really a trial,negative,negative,0.9510025382041931,0.9510025382041931,0.039443325251340866,0.009554168209433556
almost a good editor,positive,positive,0.7014495730400085,0.020997220650315285,0.2775532007217407,0.7014495730400085
not able to download new <url>,neutral,negative,0.8405922651290894,0.8405922651290894,0.1386469453573227,0.020760755985975266
"so i create a pdf using an adobe program, then send it to my phone to see what it looks like, but it won't open! pretty lame if you ask me.",negative,negative,0.6450942754745483,0.6450942754745483,0.3110281229019165,0.043877631425857544
sometime can't change display picture at asus zenfone <number> . please fix,negative,neutral,0.6565260291099548,0.06428560614585876,0.6565260291099548,0.2791883945465088
really nice concept but on android it just keeps hanging and eventually crashing.,negative,neutral,0.6966391801834106,0.045942772179841995,0.6966391801834106,0.25741803646087646
doesn't work on my phone. always error,negative,negative,0.9291355013847351,0.9291355013847351,0.06048545613884926,0.010379048064351082
slackbot opens every time i start to type a reply in the app. started happening with the last update (note <number> ). why can't we disable slackbot? <number> star until we get this ability.,negative,negative,0.668055534362793,0.668055534362793,0.29042932391166687,0.04151519760489464
"complex app that covers all sorts of things related to travelling, maybe too many",positive,positive,0.8548163771629333,0.017740055918693542,0.1274435669183731,0.8548163771629333
great and more awesome,positive,positive,0.8406846523284912,0.05191643536090851,0.1073988676071167,0.8406846523284912
not what i asked for,negative,negative,0.7846554517745972,0.7846554517745972,0.18615959584712982,0.029184959828853607
i wish you would show canadian maps,neutral,positive,0.5009534955024719,0.069600909948349,0.4294455349445343,0.5009534955024719
you don't allow to take in-app screenshots?,neutral,negative,0.7310655117034912,0.7310655117034912,0.2258405238389969,0.04309403896331787
how about date birth,negative,positive,0.4964476525783539,0.0768781527876854,0.4266741871833801,0.4964476525783539
"works great, other then not being able to delete content directly from phone.",neutral,positive,0.5261489152908325,0.02325400523841381,0.4505971074104309,0.5261489152908325
can't copy/paste or add keyboard to android,negative,neutral,0.7447420358657837,0.19434140622615814,0.7447420358657837,0.060916587710380554
can't even create a account tried more than <number> times,negative,negative,0.9328126907348633,0.9328126907348633,0.057339366525411606,0.009848021902143955
fast and good but missing features.,neutral,positive,0.7223813533782959,0.020558759570121765,0.25705987215042114,0.7223813533782959
cannot get rid of floating head in my messages and it's driving me mad. i've had to uninstall the app to get rid of it &gt;:-/,negative,negative,0.7861546277999878,0.7861546277999878,0.19167999923229218,0.022165382280945778
"love this app. i use it to study, but i answered a phone call and it wilted my tree. i can't really help when i receive phone calls. this one had to be answered and now i have to look at a wilted tree in my beautiful forest. i am upsetti spaghetti since i'm a perfectionist",positive,positive,0.6975995302200317,0.06191862002015114,0.24048179388046265,0.6975995302200317
this app is slowly work,neutral,neutral,0.5441101789474487,0.1927209198474884,0.5441101789474487,0.26316893100738525
no instructions on how to delete files/pages viewed.,neutral,neutral,0.5589975714683533,0.3690113425254822,0.5589975714683533,0.07199113816022873
it helps a lot.,positive,positive,0.7392095327377319,0.019144535064697266,0.241645947098732,0.7392095327377319
"need to improve performance, usablity, and <url>",neutral,neutral,0.6246044635772705,0.04810931161046028,0.6246044635772705,0.3272862136363983
multiple image share option is missing,neutral,neutral,0.7794696688652039,0.0830611139535904,0.7794696688652039,0.13746918737888336
"i like the functions, but",neutral,neutral,0.5807725191116333,0.031874947249889374,0.5807725191116333,0.38735252618789673
why don't you just block us all?! =d =d =d,negative,negative,0.6144052147865295,0.6144052147865295,0.32970383763313293,0.055891018360853195
easy to find hotel,neutral,positive,0.8580713868141174,0.020671119913458824,0.12125744670629501,0.8580713868141174
"if unexpected crashes negleted, it is so far the <signature>",positive,neutral,0.48026591539382935,0.08775447309017181,0.48026591539382935,0.4319796562194824
used to love it,negative,negative,0.8281082510948181,0.8281082510948181,0.1374424248933792,0.03444942831993103
"i love this app but with the latest update it died when i used a white listed app, and when i checked my whitelist i couldn't scroll through or change anything which was weird. plz fix this and add more trees!",positive,positive,0.5432533621788025,0.06752529740333557,0.38922128081321716,0.5432533621788025
very good mobile phone photo editor,positive,positive,0.889136791229248,0.014378219842910767,0.09648503363132477,0.889136791229248
keeps telling u to turn on the access then brings u to the settings page and even aft you check all the boxes doesnt take you back to the app. and continues to keep popping up disrupting phone usage. app doesnt work properly,negative,negative,0.9207196831703186,0.9207196831703186,0.06795723736286163,0.011323095299303532
app is faster but stucks mobile pleas fix it up,positive,neutral,0.7580410838127136,0.12117299437522888,0.7580410838127136,0.12078595161437988
"should have ""seen"" feature",neutral,neutral,0.7607137560844421,0.08172497898340225,0.7607137560844421,0.15756122767925262
"can not zoom in or out, plis fix",neutral,negative,0.5581672787666321,0.5581672787666321,0.4038623571395874,0.0379704125225544
nice idea and interface but finding friends doesn't work on android,neutral,neutral,0.655315101146698,0.02743319794535637,0.655315101146698,0.31725168228149414
white list is so frustrating!,negative,negative,0.7202181220054626,0.7202181220054626,0.246525377035141,0.03325647488236427
need <url> saving to gallery issue adding photo issue,neutral,neutral,0.7541701793670654,0.11354248970746994,0.7541701793670654,0.13228733837604523
the live doppler doesn't work since i updated,negative,negative,0.588346540927887,0.588346540927887,0.37577810883522034,0.035875353962183
very ugly and difficult to use platform. i do not suggest it. very bad,negative,negative,0.9238748550415039,0.9238748550415039,0.060429975390434265,0.01569509692490101
recent update be unstable and loading so late,neutral,neutral,0.5810744166374207,0.3395216166973114,0.5810744166374207,0.07940395176410675
would give <number> stars if you blocked the facebook messenger bubble as well,positive,neutral,0.5513027310371399,0.06352341175079346,0.5513027310371399,0.38517382740974426
it's a good overall weather app. do miss the traffic cam.,positive,positive,0.7940822839736938,0.011180074885487556,0.19473764300346375,0.7940822839736938
really hard to navigate.,neutral,negative,0.7841687202453613,0.7841687202453613,0.17666766047477722,0.03916358947753906
they don't refund difference if room is cheaper,negative,neutral,0.6262182593345642,0.23437820374965668,0.6262182593345642,0.1394035816192627
"works most of the time. freezes sometimes while trying to open a document, but just restart the app and it's good to go.",positive,neutral,0.6195958852767944,0.03997839242219925,0.6195958852767944,0.3404256999492645
my friend show me it on tumbler it's amazing <signature>,positive,positive,0.8855774998664856,0.020972227677702904,0.09345023334026337,0.8855774998664856
would of gave it <number> stars if i could. i just figured out that this app was using <number> % of my battery life and i never even use the app. sucks really bad.,negative,negative,0.86619633436203,0.86619633436203,0.11364365369081497,0.02016001008450985
"you ruined the icon, we said ok. now you are ruining the background color too. stop changing, no one was complaining!",neutral,negative,0.854993999004364,0.854993999004364,0.11908867210149765,0.02591732330620289
should have been a <number> star but why's the android version lacking local adjustments that the ios version has. i can understand that there may be delays among platforms but it's already <number> months behind!,neutral,neutral,0.7690038681030273,0.053944993764162064,0.7690038681030273,0.1770511269569397
nothing i want from this app,negative,negative,0.9031761288642883,0.9031761288642883,0.07803693413734436,0.018786879256367683
so great until today,negative,positive,0.43251538276672363,0.21965676546096802,0.34782785177230835,0.43251538276672363
it would be nice if it had it on like whatsapp for android but you have to download another app to access that <url> yeah but it's good,positive,neutral,0.5046702027320862,0.014534514397382736,0.5046702027320862,0.48079532384872437
high quality images turns into low quality,neutral,neutral,0.5073696374893188,0.3899441063404083,0.5073696374893188,0.10268629342317581
"it doesnt work, the screen flashes on and off and it wont open",negative,negative,0.9412516355514526,0.9412516355514526,0.04951809346675873,0.009230329655110836
no retract in options,neutral,neutral,0.6835911273956299,0.15252439677715302,0.6835911273956299,0.1638844907283783
last position read somewhat flawed,neutral,neutral,0.6393557786941528,0.24946026504039764,0.6393557786941528,0.11118398606777191
get <number> days free trial. nice. to try it i need to be able to access photos that store to my sd card. i do that so i have room on my phones internal drive. waste of time,negative,negative,0.7428076267242432,0.7428076267242432,0.214287668466568,0.04290474206209183
does not support to open pwd protected document,neutral,negative,0.8034607768058777,0.8034607768058777,0.17272284626960754,0.023816412314772606
got rid of the irc gateway. this was why we used slack. uninstalled.,negative,negative,0.9418062567710876,0.9418062567710876,0.044869475066661835,0.013324190862476826
more theme and customization <url>,positive,positive,0.7497385144233704,0.03761107474565506,0.2126503884792328,0.7497385144233704
some items don't work!,neutral,neutral,0.5016364455223083,0.4362492263317108,0.5016364455223083,0.06211433932185173
map animation still has bug.,negative,neutral,0.6581850647926331,0.27565187215805054,0.6581850647926331,0.0661630630493164
"ignores some files, loads a few others",neutral,neutral,0.5599353313446045,0.38109084963798523,0.5599353313446045,0.058973778039216995
it's not as good as it used to be,neutral,neutral,0.7941873073577881,0.0799257904291153,0.7941873073577881,0.12588684260845184
"good, but needs things",positive,neutral,0.6450461149215698,0.023175440728664398,0.6450461149215698,0.3317783772945404
not working properly on samsung galaxy a <number> .,negative,negative,0.8388771414756775,0.8388771414756775,0.13964009284973145,0.02148275077342987
views pdfs better then stock app but it doesn't see pdf's on sd card,negative,neutral,0.7640858888626099,0.04637964069843292,0.7640858888626099,0.189534530043602
no way to get rid of ads on terrible screen layout.,negative,negative,0.9375477433204651,0.9375477433204651,0.05099504813551903,0.011457216925919056
required an account. i want an app to edit pictures on my phone. the online storage and synchronization should be an optional feature; not a requirement.,negative,neutral,0.7636642456054688,0.1318892389535904,0.7636642456054688,0.10444654524326324
ok with local weather love the thunder part of the app,positive,positive,0.7089805006980896,0.018401645123958588,0.2726178467273712,0.7089805006980896
trivago the tru app,neutral,neutral,0.4145038425922394,0.2660590410232544,0.4145038425922394,0.319437175989151
add a floating notification,positive,neutral,0.6466694474220276,0.08400292694568634,0.6466694474220276,0.2693275809288025
why i can not share video on bbm group; too many update but no significant effect,negative,neutral,0.7111005783081055,0.1986996978521347,0.7111005783081055,0.09019975364208221
limited options for search,negative,neutral,0.7890101671218872,0.0608266144990921,0.7890101671218872,0.15016324818134308
good for messaging not for calls,neutral,neutral,0.7258461117744446,0.03911495581269264,0.7258461117744446,0.2350388616323471
"it's available when i need it and it's more accurate than other weather apps i've tried. update(jan <number> ) <url> recent california winter has been crazy, and frankly this app has let me down with inaccurate forecasts for most of it. comparatively, the google now app is more accurate. maybe the sensors in my area are just bad. when it's fixed, i revisit my review.",neutral,neutral,0.6733110547065735,0.04723206162452698,0.6733110547065735,0.27945688366889954
you could add a bit more features. birthmarks scars moles etc,positive,positive,0.6078367829322815,0.022720737382769585,0.36944249272346497,0.6078367829322815
i am using it before <number> years,positive,negative,0.46816569566726685,0.46816569566726685,0.3943023383617401,0.13753192126750946
like many sites if you visit a chosen hotel more than once or twice the price rises!,neutral,positive,0.8500620722770691,0.0245339535176754,0.1254039704799652,0.8500620722770691
amazing experience so far with this. iam being familiar with it.,positive,positive,0.902376651763916,0.02464619278907776,0.07297716289758682,0.902376651763916
doesn't save properly half the time and definitely could use some more filters.,negative,neutral,0.6831408739089966,0.2577778100967407,0.6831408739089966,0.059081289917230606
why is the iphone app so much better!,negative,neutral,0.4569368362426758,0.4563963711261749,0.4569368362426758,0.08666680753231049
"browser not opening sites, it just ideal.",negative,neutral,0.7711972594261169,0.09483581781387329,0.7711972594261169,0.1339668333530426
"continuous crashing, won't even open now.",negative,negative,0.9331368207931519,0.9331368207931519,0.05300763621926308,0.013855495490133762
they forced me to rate them so i docked a star.,neutral,negative,0.8904737234115601,0.8904737234115601,0.08586357533931732,0.023662665858864784
lame. doesnt work for samsung intercept,negative,negative,0.9115815758705139,0.9115815758705139,0.07561355829238892,0.012804887257516384
of mice and man,negative,negative,0.5993739366531372,0.5993739366531372,0.2264472097158432,0.17417889833450317
only thing missing is custom notification,positive,positive,0.6113806962966919,0.03523879870772362,0.3533804714679718,0.6113806962966919
video cant open after click tha video,negative,negative,0.8824077248573303,0.8824077248573303,0.10287933051586151,0.014712987467646599
weather animation has stopped and will not start. has been off nearly <number> weeks.,negative,negative,0.8856501579284668,0.8856501579284668,0.0991264060139656,0.015223476104438305
"i just came here because this app was featured on silicon valley, looks like a great app with an attractive interface.",positive,positive,0.7941709160804749,0.039465177804231644,0.1663638949394226,0.7941709160804749
it's okay except for i have a lg phone and it doesn't work that well with the lg phone,positive,neutral,0.7998100519180298,0.030991114675998688,0.7998100519180298,0.16919881105422974
cannot open or detect image file imported from nikon <number> j <number> camera which has .jpeg <url> i had to convert it first or use another photo app editing and save <url> so lightroom could detect the file <url>,neutral,neutral,0.4857332408428192,0.4674299955368042,0.4857332408428192,0.04683674871921539
having trouble downloading the app,negative,neutral,0.505700409412384,0.4283069968223572,0.505700409412384,0.06599263846874237
i can't sent it through my messages to my contacts. only through facebook and that is absolutely ridiculous. this app sucks,negative,negative,0.9354687929153442,0.9354687929153442,0.05171465501189232,0.01281652133911848
very quickly reservation done.,positive,positive,0.7163689732551575,0.07471475005149841,0.20891627669334412,0.7163689732551575
<salutation> please give setting to turn it off,negative,positive,0.42179179191589355,0.16045166552066803,0.41775649785995483,0.42179179191589355
fantastic app to track lighting! the rest of the app is the same as any other really. but in fairness i do not use the rest of the app.,positive,positive,0.7919233441352844,0.017428312450647354,0.19064830243587494,0.7919233441352844
service is good but app is not much android oriented,neutral,neutral,0.7823789715766907,0.03286318853497505,0.7823789715766907,0.1847577840089798
this app is better,neutral,neutral,0.49493372440338135,0.05992061644792557,0.49493372440338135,0.4451456665992737
the improvement are a lot better but it would be nice to be able to send large mp <number> or mp <number> files via bbm.,positive,neutral,0.4950002133846283,0.018907682970166206,0.4950002133846283,0.48609212040901184
viuggg hang with my life in your help me a lot and then you have any attachments may contain information contained herein including attachments if it would love the way i will have been sent me a new one day i was thinking about my life in your,positive,neutral,0.6106164455413818,0.052346352487802505,0.6106164455413818,0.33703717589378357
can't get to work for motorola droid,negative,negative,0.8589350581169128,0.8589350581169128,0.12549474835395813,0.015570235438644886
bad for the aap is hanging,neutral,negative,0.8679462671279907,0.8679462671279907,0.11080510914325714,0.021248558536171913
its really <url> though remove the trial days remaining,positive,neutral,0.5948435068130493,0.061132051050662994,0.5948435068130493,0.3440244495868683
horrible radar. constant storm alerts with no storms around,negative,negative,0.9282363057136536,0.9282363057136536,0.056510552763938904,0.015253204852342606
cool idea pain da butt to use then at times wont work <url>,negative,neutral,0.7393041849136353,0.11064053326845169,0.7393041849136353,0.15005522966384888
new update v <number> . <number> crashes all the time,positive,negative,0.8485227823257446,0.8485227823257446,0.12799039483070374,0.02348686195909977
"it's okay (at least, freebies now included) <url>",neutral,neutral,0.6732662320137024,0.030160995200276375,0.6732662320137024,0.296572744846344
only <number> stars since it will not let me delete any files. please fix.,neutral,neutral,0.5949116945266724,0.1369471400976181,0.5949116945266724,0.2681412100791931
does what it is supposed to do and does it well.,positive,positive,0.7607650756835938,0.06859079003334045,0.1706441342830658,0.7607650756835938
"very useful, but has a few annoyances",positive,positive,0.7586190700531006,0.015699127689003944,0.22568175196647644,0.7586190700531006
can't download <url>,negative,negative,0.825003445148468,0.825003445148468,0.15710942447185516,0.017887039110064507
"generally a good pdf viewer. i love the reading mode that reflow text and adjust font for better reading experience. the only problem, or i should call it a bug, is that it seems like this mode hates to see <number> letters ""f"" & ""i"" being together. for words like ""find"", ""first"", ""prefix"", etc. you will see only ""nd"", ""rst"", ""prex"", etc.",positive,positive,0.8409404754638672,0.012942034751176834,0.14611756801605225,0.8409404754638672
no support for paid ad-free version,neutral,negative,0.7160230875015259,0.7160230875015259,0.25082340836524963,0.033153411000967026
i like this app,positive,positive,0.8256018161773682,0.023689724504947662,0.15070846676826477,0.8256018161773682
used to use it for studying but after reacent update it won't open. please fix,neutral,negative,0.6066076159477234,0.6066076159477234,0.33178406953811646,0.061608314514160156
last update is a disaster,negative,negative,0.9144992232322693,0.9144992232322693,0.06765531748533249,0.017845500260591507
would be better if emoji's didn't disappear when new ones are added,neutral,neutral,0.6255160570144653,0.030583875253796577,0.6255160570144653,0.3439001441001892
good for basic stuff,neutral,positive,0.5824230909347534,0.017247995361685753,0.40032896399497986,0.5824230909347534
fun but android needs more options!!,neutral,positive,0.6120830178260803,0.018770402297377586,0.3691466152667999,0.6120830178260803
"the usual mediocre bare bone pdf reader from adobe, totally lacking in functionality. repligo reader is better",negative,neutral,0.728499710559845,0.18303601443767548,0.728499710559845,0.08846426010131836
stays open in background,negative,neutral,0.7049914598464966,0.09614736586809158,0.7049914598464966,0.19886116683483124
it's actually helpful.,positive,positive,0.6140776872634888,0.01507559698075056,0.370846688747406,0.6140776872634888
good enough and satisfied result <url> its quite good aap,neutral,positive,0.7347744107246399,0.012844178825616837,0.25238141417503357,0.7347744107246399
why songs are not downloading from the websites. there is always showing error. whenever i download some song. pls fix this bugg,neutral,neutral,0.4814993739128113,0.46794357895851135,0.4814993739128113,0.05055701360106468
booking is simple and straight forward.,positive,positive,0.518207848072052,0.0495467334985733,0.4322454035282135,0.518207848072052
"a really good and practical app, however like every other app it still has room for improvement!",positive,positive,0.8424009680747986,0.015378239564597607,0.14222076535224915,0.8424009680747986
excellent pdf viewer rendered unusable by the inability to jump to a page and by the fact that it doesn't remember where you were or bookmarks.,negative,positive,0.7720309495925903,0.0169138852506876,0.21105515956878662,0.7720309495925903
good site but still faceing issue with hotel even we confirm through app,positive,neutral,0.5656067728996277,0.023711081594228745,0.5656067728996277,0.41068217158317566
it took forever to download,neutral,negative,0.7417409420013428,0.7417409420013428,0.2031800001859665,0.05507905036211014
i've started using the lightroom camera to take all my photos in raw (dng) and i've noticed today that while out at <number> : <number> on <number> / <number> / <number> and taking pictures the time and date stamp on the images says <number> : <number> <number> / <number> / <number> . what's all that about? i can't change it so where does it get it's info from? also the preview does not show the correct colour. it does when using the slider but as soon as i let it go the image reverts back to a almost black and white.,neutral,neutral,0.7647256851196289,0.14810581505298615,0.7647256851196289,0.08716852962970734
it's cute for younger people but i use it some. i'm <number> yrs old.,positive,positive,0.7309834361076355,0.016743844375014305,0.25227272510528564,0.7309834361076355
"i had login throught google + <url> but i changed my mind and wanted to login through <url> so, i logged out !!! now, i cannot login back. the app is going back to registration page with the option to login to facebook !!! please look into the solution for this !",neutral,negative,0.8710860013961792,0.8710860013961792,0.11048915982246399,0.01842479221522808
please could we have the option to install to sd card. what is the point in having a large sd card if it doesn't even get used,negative,neutral,0.605883777141571,0.06270764768123627,0.605883777141571,0.3314085602760315
wont open at all,negative,negative,0.8745668530464172,0.8745668530464172,0.10727372020483017,0.018159514293074608
good stickers allow users to express better. how come i cannot use bbm calls?,neutral,positive,0.7080556750297546,0.01483357697725296,0.2771107852458954,0.7080556750297546
why pr have no radar????,negative,negative,0.5316447615623474,0.5316447615623474,0.3864441514015198,0.0819111242890358
before it can connect even the signal is weak now it needs more signal to connect,neutral,neutral,0.6675664186477661,0.197489395737648,0.6675664186477661,0.13494421541690826
radar maps are all wrong,negative,negative,0.872728705406189,0.872728705406189,0.10953723639249802,0.01773410104215145
it is fast downloading app,positive,positive,0.8306625485420227,0.015153457410633564,0.1541839987039566,0.8306625485420227
make it a zoo or fish tank,positive,positive,0.5271430015563965,0.040032364428043365,0.43282458186149597,0.5271430015563965
waah!!! so nice app,positive,positive,0.8218620419502258,0.026567021384835243,0.1515708714723587,0.8218620419502258
why pay that price for tablet use,negative,negative,0.7295688390731812,0.7295688390731812,0.21747218072414398,0.05295894667506218
good bit doesn't have the choices in search section for type of rooms such as not-smoking or soundproof ones or double-room etc.,positive,neutral,0.7306328415870667,0.03277706354856491,0.7306328415870667,0.23659010231494904
too slow at times,neutral,neutral,0.7578034996986389,0.09565959870815277,0.7578034996986389,0.1465369313955307
it's very easy to use and all types of format documents easily opened,positive,positive,0.8939456343650818,0.014799538068473339,0.091254822909832,0.8939456343650818
can not sign in,negative,negative,0.8462028503417969,0.8462028503417969,0.1358964741230011,0.01790057122707367
it makes team communication highly open and accessible,positive,positive,0.8878073692321777,0.024529749527573586,0.08766291290521622,0.8878073692321777
when message is being sent it takes time to be received,neutral,neutral,0.6845560073852539,0.16539090871810913,0.6845560073852539,0.15005315840244293
pretty accurate for the most part i think,positive,positive,0.7944138050079346,0.0133430240675807,0.19224317371845245,0.7944138050079346
spark is about the only good thing,neutral,neutral,0.5186293721199036,0.12264886498451233,0.5186293721199036,0.3587217628955841
broke the upload photo feature,negative,negative,0.7439436316490173,0.7439436316490173,0.2181449681520462,0.03791140764951706
best app but suggest download stop,positive,neutral,0.5550875067710876,0.02331838384270668,0.5550875067710876,0.4215940535068512
some hotels are a bit shady,neutral,neutral,0.7086588740348816,0.04750341176986694,0.7086588740348816,0.24383774399757385
its fun to see you're own emoji !,neutral,positive,0.6816257238388062,0.01824176497757435,0.30013254284858704,0.6816257238388062
its not so great as i expected it to be,neutral,neutral,0.8277172446250916,0.0699109137058258,0.8277172446250916,0.10237185657024384
keeps going down n the ads r anoying,negative,negative,0.5335978865623474,0.5335978865623474,0.4067882299423218,0.05961386859416962
it was good enough until i can't change my display picture,negative,neutral,0.6022084951400757,0.03988450765609741,0.6022084951400757,0.3579069972038269
it's a trial. editing feature not impressive.,positive,neutral,0.8062012791633606,0.06587274372577667,0.8062012791633606,0.12792593240737915
love it <url> great job <url>,neutral,positive,0.7603201270103455,0.06412392109632492,0.1755559891462326,0.7603201270103455
used to be good,negative,negative,0.7894914746284485,0.7894914746284485,0.17085391283035278,0.039654627442359924
very good and useful app,positive,positive,0.910854160785675,0.015000526793301105,0.07414528727531433,0.910854160785675
"the app will no longer let me delete locations. uninstalled, and reinstalled and they are still there. frustrating.",neutral,negative,0.9071563482284546,0.9071563482284546,0.07728570699691772,0.015558001585304737
"buggy, ambigue and less features",negative,neutral,0.7155147194862366,0.06433870643377304,0.7155147194862366,0.2201465666294098
"this has helped my productivity a lot. i've only recently started experiencing issues with it. before, the app used to count extra time i went without using my phone even after the <number> min mark. it was really gratifying to see how much longer i was able to last + it contributed to my forest and my overall focus count. but now it isn't doing that? so it kind of discourages me from continuing to work past the sound of the timer even if i feel like i could. if it's possible, please do something about that.",neutral,neutral,0.5247660875320435,0.035573866218328476,0.5247660875320435,0.43966013193130493
"zooming slow, okay otherwise",neutral,neutral,0.7838143110275269,0.06053704395890236,0.7838143110275269,0.15564867854118347
"fix zoom in attached images! it doesn't work first <number> seconds the image open, and for gif it doesn't work at all. and is that tat hard to add rotation you've ""planned to add"" a year ago? where's a font size setting or guesture scale sor chat?",neutral,neutral,0.5679342746734619,0.38194090127944946,0.5679342746734619,0.05012480169534683
when will the local adjustments tool be disponible for android users?? hope it's included on the next actualization !!,positive,positive,0.4973726272583008,0.041212618350982666,0.46141478419303894,0.4973726272583008
just started using it !,positive,negative,0.8663135766983032,0.8663135766983032,0.10806481540203094,0.02562161535024643
so cute. wish it were easier to access via other apps,positive,positive,0.7300514578819275,0.023758048191666603,0.24619054794311523,0.7300514578819275
really like the way this app has evolved from it's first version. please add android wear notification service asap. its really easy to add and people are badly missing it.,positive,positive,0.8594845533370972,0.015245838090777397,0.12526960670948029,0.8594845533370972
"good on mobile devices ,simply good on move",positive,positive,0.5765221118927002,0.018857022747397423,0.404620885848999,0.5765221118927002
need to avoid unwanted ads and also enhance the downloading speed. overall nice app.,positive,positive,0.8640162944793701,0.011549505405128002,0.1244342252612114,0.8640162944793701
"i really like this app and is what i go to when i start loosing concentration. i wish there were more stats and plant types, also more beautifully animated and things that change <url>",positive,positive,0.918847382068634,0.015709733590483665,0.06544286757707596,0.918847382068634
was <url> now radar broken,negative,negative,0.8290500044822693,0.8290500044822693,0.13063068687915802,0.04031927138566971
booking bait and switch,negative,negative,0.8543074727058411,0.8543074727058411,0.11315932124853134,0.0325331836938858
this seems like it would be cool,negative,neutral,0.612217366695404,0.04115287959575653,0.612217366695404,0.3466297388076782
cannot see my photo's on device,negative,negative,0.5031161904335022,0.5031161904335022,0.4516429901123047,0.04524080455303192
so far so good!! i love it.,positive,positive,0.8532647490501404,0.04502018541097641,0.10171503573656082,0.8532647490501404
"such an intrusive browser, coming from china. it can't be trusted with your online activities. indians, be aware.",negative,negative,0.9063048362731934,0.9063048362731934,0.07714059948921204,0.016554519534111023
hi i download this app he is the very good app,positive,positive,0.7221664190292358,0.055463433265686035,0.22237011790275574,0.7221664190292358
where is the download process,positive,neutral,0.5257279276847839,0.2565145492553711,0.5257279276847839,0.21775750815868378
brill so easy to use,positive,positive,0.7313935160636902,0.02437986619770527,0.24422667920589447,0.7313935160636902
the app isn't working on the note <number> . i'll update my review if/when it works.,negative,negative,0.5088945031166077,0.5088945031166077,0.4466094374656677,0.04449605196714401
"""you have cancelled your entire <url> ""???",negative,negative,0.8645111918449402,0.8645111918449402,0.1092631071805954,0.02622576616704464
it good for local german reports nearly as good as <url>,positive,positive,0.5387217998504639,0.02003956213593483,0.441238671541214,0.5387217998504639
does what i need it to,neutral,positive,0.7364014387130737,0.05078224465250969,0.21281635761260986,0.7364014387130737
it's good for communication,neutral,positive,0.6743027567863464,0.014366286806762218,0.31133097410202026,0.6743027567863464
it sometimes sends the wrong <url>,neutral,neutral,0.5786659717559814,0.3070627450942993,0.5786659717559814,0.11427130550146103
please add the feature of sharpen and blur,neutral,positive,0.5757410526275635,0.03112444095313549,0.3931344747543335,0.5757410526275635
notifications aren't working???,positive,negative,0.5653389096260071,0.5653389096260071,0.37042108178138733,0.06423996388912201
lag while zoom in/out,positive,neutral,0.7379631996154785,0.08303163200616837,0.7379631996154785,0.17900508642196655
had some slowness issues?,positive,neutral,0.7119568586349487,0.07383671402931213,0.7119568586349487,0.21420644223690033
awesome app one of the <signature>,positive,positive,0.8853481411933899,0.019895309582352638,0.09475657343864441,0.8853481411933899
it does great and gives accurate weather information,positive,positive,0.9036655426025391,0.01604616269469261,0.08028831332921982,0.9036655426025391
bogus . there are several aps much useful,negative,neutral,0.6961280107498169,0.13246844708919525,0.6961280107498169,0.17140351235866547
'no notifications' doesn't work.,negative,negative,0.8611556887626648,0.8611556887626648,0.12308177351951599,0.015762632712721825
great app for managing hotel reservations on the go. it's also nice to earn rewards for frequent stays. i think this is the <signature>,positive,positive,0.9203957915306091,0.012877939268946648,0.06672625243663788,0.9203957915306091
app keeps crashing. unable to open after latest update.,positive,negative,0.9180412888526917,0.9180412888526917,0.0676942989230156,0.014264347031712532
always update but nothing improve,neutral,neutral,0.7164949774742126,0.0413350909948349,0.7164949774742126,0.24216988682746887
"great concept, poor implementation",neutral,negative,0.5876724123954773,0.5876724123954773,0.3580642640590668,0.05426328256726265
contact picture not show.,negative,neutral,0.5465754270553589,0.37778913974761963,0.5465754270553589,0.07563546299934387
canon cr <number> support please,neutral,neutral,0.48702216148376465,0.13223549723625183,0.48702216148376465,0.3807424008846283
this thing is a trap! it will take your money,negative,negative,0.9301718473434448,0.9301718473434448,0.05159282311797142,0.018235238268971443
"the icon re-design is a tremendous eye-sore more fit to be the face of a pharmaceutical firm, and they didnt put any extra effort into making the app on any of the platforms, leaving gaps in design. no dark mode, no voip, no collapsing the sidebar on ios or windows. i use it because my friends do.",negative,neutral,0.6360639333724976,0.2179374396800995,0.6360639333724976,0.14599865674972534
"just need an option to mute notifications (some of us work different timezones and like sleep), other than that it works pretty well!",positive,positive,0.5034775733947754,0.01778852567076683,0.47873392701148987,0.5034775733947754
good for net work download,positive,positive,0.5470749139785767,0.016731442883610725,0.43619367480278015,0.5470749139785767
i want this feature,positive,positive,0.5779168605804443,0.07443100214004517,0.3476521670818329,0.5779168605804443
content rating: low maturity,positive,neutral,0.670046865940094,0.24421189725399017,0.670046865940094,0.08574125170707703
this application doesn't work in my handphone,negative,negative,0.9301266074180603,0.9301266074180603,0.05926825851202011,0.010605154559016228
slack chat is good,positive,neutral,0.5993014574050903,0.03014501743018627,0.5993014574050903,0.37055352330207825
i find the user experience superior to other apps.,positive,positive,0.683235764503479,0.030305882915854454,0.2864583432674408,0.683235764503479
"great app, needs better ui on reviews",neutral,positive,0.8731338977813721,0.015336358919739723,0.11152976751327515,0.8731338977813721
great new camera in-app,positive,positive,0.8552860617637634,0.037083253264427185,0.10763072222471237,0.8552860617637634
would be <number> <url>,negative,neutral,0.4668515920639038,0.13755673170089722,0.4668515920639038,0.39559170603752136
it's a good application,neutral,positive,0.6608907580375671,0.013448147103190422,0.3256610631942749,0.6608907580375671
"five star service, two star app",negative,positive,0.5298920273780823,0.20525223016738892,0.2648557424545288,0.5298920273780823
everytime my phone went on sleep it killed the tree and became completely pointless because i would've had to tap my phone every <number> seconds to keep it from locking and killing the tree.,negative,negative,0.9348719716072083,0.9348719716072083,0.05234475061297417,0.012783205136656761
bbm isnt the <signature>,neutral,negative,0.525741696357727,0.525741696357727,0.4140315353870392,0.06022670492529869
can you please give a little speed more on download,neutral,positive,0.5362934470176697,0.047494370490312576,0.41621214151382446,0.5362934470176697
need support for .cr <number> format,positive,neutral,0.7370667457580566,0.04237759858369827,0.7370667457580566,0.22055575251579285
"unecessarily complicated and cumbersome. it's so difficult to create new workspaces and move people from one to another. if you don't have someone's email address memorized, good luck! this app has a long way to go to be truly useful every day. in addition to the above, notifications are a bit of a nightmare. i've missed out on a lot of critical messages because notifications just don't work when they need to. i've run out of room for feedback but i could go <url>",negative,negative,0.49720075726509094,0.49720075726509094,0.4490058124065399,0.05379343777894974
i'm surprised hdr is not supported on the huawei nexus <number> p. i realize it is isn't as new as the pixels but it's still a pretty fast phone.,neutral,neutral,0.6908301115036011,0.028468361124396324,0.6908301115036011,0.28070154786109924
where is the bookmarks?,neutral,negative,0.47535276412963867,0.47535276412963867,0.4248555898666382,0.09979169070720673
"love this app, developers have been brilliant at fixing bugs and the feedback system is great!",neutral,positive,0.8753056526184082,0.03365969657897949,0.09103470295667648,0.8753056526184082
i want to give this app <number> <url>,negative,negative,0.6013562083244324,0.6013562083244324,0.3100444972515106,0.08859924972057343
cant even sign in or sign up,negative,negative,0.91239994764328,0.91239994764328,0.07570478320121765,0.011895251460373402
"very nice weather app. would like to see more detail on air quality, pollen, etc",positive,positive,0.9046725630760193,0.01327543519437313,0.08205205202102661,0.9046725630760193
simple to use. nice option to search via map,positive,positive,0.8624065518379211,0.011729814112186432,0.12586359679698944,0.8624065518379211
what a huge step backwards for useability.,negative,negative,0.6643989682197571,0.6643989682197571,0.23026078939437866,0.10534031689167023
it is what it is!,neutral,negative,0.5895810723304749,0.5895810723304749,0.25699982047080994,0.1534191370010376
"+pinch zoom, +++reflow text, --render speed on scroll, ---should find all pdf including dowloaded by browser, --no search, ---no images in reflow",negative,neutral,0.6419165730476379,0.2937191128730774,0.6419165730476379,0.06436432152986526
this app keeps killing my tree whenever i off my <url> this is so bad. i ended up kore time restarting the timer.,negative,negative,0.9325786828994751,0.9325786828994751,0.05419912561774254,0.013222149573266506
website offers better and more search options.,negative,positive,0.6434975266456604,0.05732635408639908,0.2991761267185211,0.6434975266456604
i love this browser,positive,positive,0.6236546635627747,0.15027998387813568,0.22606539726257324,0.6236546635627747
not always perfectly accurate. i like the hourly forecast.,positive,neutral,0.7223504781723022,0.029220018535852432,0.7223504781723022,0.24842949211597443
mobile notifications not working,neutral,negative,0.727834939956665,0.727834939956665,0.23965033888816833,0.03251473605632782
cannot unlock password protected ebooks. can't even interact with links or buttons. worthless for password protected ebooks.,negative,negative,0.9441314339637756,0.9441314339637756,0.04548342153429985,0.010385158471763134
this app is an nice good for everything i need but they are problems u must fix,positive,positive,0.7435381412506104,0.01715841330587864,0.23930343985557556,0.7435381412506104
getting worse than before,neutral,negative,0.6747964024543762,0.6747964024543762,0.26820409297943115,0.05699953809380531
it's easier and efficient,positive,positive,0.7310212254524231,0.0167184229940176,0.25226038694381714,0.7310212254524231
"what the mobile developers do not understand is: do not ever ever change the application icon! the icon shape and color are used to quickly identify an app between other dozen apps. that's how the brain works! moreover, an update only for the app icon? where is the video recording option? i use slack daily (it's the main chat / video conferencing solution where i work) and you can simply cannot record meetings!",negative,negative,0.7805092930793762,0.7805092930793762,0.1922888159751892,0.02720189280807972
"cute and accurate, but no long hair",neutral,neutral,0.5242682695388794,0.03630581498146057,0.5242682695388794,0.4394259452819824
used to work. not anymore,negative,negative,0.916136622428894,0.916136622428894,0.06859388947486877,0.015269496478140354
an outstanding way of communication with the team.,positive,positive,0.9194373488426208,0.019520580768585205,0.061042021960020065,0.9194373488426208
internet is better than this because,neutral,neutral,0.6014496088027954,0.1500365436077118,0.6014496088027954,0.2485138326883316
"sucks. force close, pdf never opens. htc hero.",negative,negative,0.9507036805152893,0.9507036805152893,0.039251867681741714,0.010044505819678307
"i like it just wish tht we had more choices for the avatar and the body shapes were more womenly, besides that i think it's great!",neutral,positive,0.8505521416664124,0.01335711870342493,0.1360907256603241,0.8505521416664124
was great when it worked,negative,neutral,0.5644775629043579,0.18572430312633514,0.5644775629043579,0.24979814887046814
update has ruined functionality. now difficult to search rooms for <number> people etc. terrible terrible terrible!,negative,negative,0.9420017004013062,0.9420017004013062,0.044579919427633286,0.013418427668511868
would like it better if you could use this app in fb <url>,neutral,positive,0.5126893520355225,0.022456416860222816,0.46485427021980286,0.5126893520355225
great app with potential.,positive,positive,0.9087633490562439,0.018441151827573776,0.07279548048973083,0.9087633490562439
handles small pdf files really well. needs bookmarks.,neutral,positive,0.694988489151001,0.021371249109506607,0.2836402356624603,0.694988489151001
why not a mobile web version ??!!?!,negative,negative,0.5006988048553467,0.5006988048553467,0.4226146340370178,0.07668657600879669
"i love this app, the ui is nice and smooth, no bugs what-so-ever, and it knows when i press the home button and enter another app. (turn on advanced something in the settings) looks very smooth, and it works as it should! the problem is, i can't lock my phone without killing the tree, and it wastes the battery. that's pretty much my only complaint! (i'm fairly new to the app, and i heard that when your forest gets full, that you can't put in anymore trees. if so, please let the forest expand as well.)",positive,positive,0.8610846996307373,0.01801310107111931,0.12090220302343369,0.8610846996307373
i was addicted to game and other stuff my personal work ratio was too down and this app really help <url> !,positive,positive,0.5598503947257996,0.08760232478380203,0.352547287940979,0.5598503947257996
stuck in update mode,negative,negative,0.7354795336723328,0.7354795336723328,0.22355569899082184,0.040964771062135696
while downloading music it goes to play store .,neutral,negative,0.5963464975357056,0.5963464975357056,0.3527259826660156,0.05092746019363403
can't append it to sd card when updated in htc wildfire,negative,neutral,0.7051914930343628,0.23585925996303558,0.7051914930343628,0.058949247002601624
free emoticons are <url> good,neutral,neutral,0.554127037525177,0.02830432541668415,0.554127037525177,0.4175686538219452
"i could plant the tree while watching youtube , no different than clash of clans",negative,neutral,0.556945264339447,0.10975237935781479,0.556945264339447,0.3333023488521576
bbm cant connect properly,negative,negative,0.7910570502281189,0.7910570502281189,0.1846398562192917,0.024303065612912178
"it would be cooler if you could mix and match the pants, shoes, shirts, jackets, etc. instead of having to choose from predetermined outfits. i want to make my own outfit!",positive,positive,0.6782239079475403,0.023271841928362846,0.2985042333602905,0.6782239079475403
"works fine, too many ads",positive,neutral,0.5034148693084717,0.03461464121937752,0.5034148693084717,0.4619705379009247
they okay good on the <number> day forecast.!,neutral,positive,0.561551570892334,0.026282047852873802,0.4121663272380829,0.561551570892334
"when it works, it's good. but far too many crashes on my galaxy tab s <number> .",neutral,neutral,0.6010632514953613,0.017622118815779686,0.6010632514953613,0.3813146948814392
terrible it now no longer works the way it used to. it was the <signature>,negative,negative,0.9364514946937561,0.9364514946937561,0.04890863969922066,0.014639843255281448
push notifications not reliable,positive,neutral,0.739991307258606,0.18456245958805084,0.739991307258606,0.07544616609811783
went out and can't access it ny more. what happened. says i have <number> go thru fb or my email and i have <number> sign up and in wen i've been using it <number> the past <number> months. what happened!,neutral,negative,0.9157851934432983,0.9157851934432983,0.0703684613108635,0.013846345245838165
to set a profile picture is very frustrating as the current set up/method cuts out most of the picture. this really should be adjusted.,neutral,neutral,0.7010071277618408,0.19708101451396942,0.7010071277618408,0.10191187262535095
i liked <url> this is very useful,positive,positive,0.8335550427436829,0.015209267847239971,0.15123571455478668,0.8335550427436829
if your not using this to book your loosing out,neutral,negative,0.7579069137573242,0.7579069137573242,0.1974118947982788,0.04468121379613876
"the app keeps asking me to rate it despite me constantly telling it ""no"" so i'm rating it <number> star out of spite and partially because they don't actually follow the choices they give you.",negative,neutral,0.591277003288269,0.32322177290916443,0.591277003288269,0.08550122380256653
"uc browser is a fantastic browser application. the team behind the creation of this application have all done a wonderful job. keep it up as you continue to improve upon this great application. however, i wish to suggest that option to be able to send applications in speed mode { facebook, twitter etc} to phone desktop/home screen be incorporated into this application. secondly, make it possible to be able to select and set desired audio file as alert tones for applications like facebook etc. we therefore look forward to seeing these options in your next update sir. <signature>",neutral,positive,0.8804593086242676,0.02019977755844593,0.09934086352586746,0.8804593086242676
"battery drain, battery drain, battery drain",negative,negative,0.7434297800064087,0.7434297800064087,0.2173573523759842,0.039212942123413086
won't open raw files,negative,negative,0.9150568246841431,0.9150568246841431,0.07339727133512497,0.0115458769723773
force closes on samsung moment w/android v <number> . <number>,negative,negative,0.7707926630973816,0.7707926630973816,0.17860563099384308,0.05060170963406563
not as good as desktop app .too slow while navigaring to different channels amd personal chats.,neutral,neutral,0.7380871772766113,0.18660831451416016,0.7380871772766113,0.07530449330806732
weather is nice and shows precipitation also,positive,positive,0.8213037252426147,0.019225604832172394,0.15947066247463226,0.8213037252426147
"won't let me add locations, other than that, works well.",neutral,neutral,0.7866234183311462,0.0924164429306984,0.7866234183311462,0.1209600642323494
note <number> <url> of nov <number> th.,negative,neutral,0.5114681124687195,0.23369643092155457,0.5114681124687195,0.25483542680740356
rooms sold not always available,neutral,negative,0.4899293780326843,0.4899293780326843,0.4387252628803253,0.07134535908699036
please add a feature!,neutral,positive,0.5737054347991943,0.04210134968161583,0.38419321179389954,0.5737054347991943
so many ads r coming i hate this app,negative,negative,0.9245673418045044,0.9245673418045044,0.06151800602674484,0.013914639130234718
it does what it's supposed to.,positive,neutral,0.5821589827537537,0.08171007037162781,0.5821589827537537,0.33613094687461853
it really sucks that disabling wysisyg in the settings does not work. i want my input freedom.,negative,negative,0.8023775219917297,0.8023775219917297,0.17352163791656494,0.02410087361931801
it's a decent app,positive,positive,0.5064665079116821,0.017714720219373703,0.4758187234401703,0.5064665079116821
have issue on redmi note <number>,neutral,neutral,0.5415751934051514,0.3147187829017639,0.5415751934051514,0.1437060683965683
"i would give it <number> , but it keeps stopping when converting text to pdf",positive,neutral,0.711078941822052,0.058636266738176346,0.711078941822052,0.23028479516506195
very good for me,positive,positive,0.8668501973152161,0.03170858696103096,0.10144124180078506,0.8668501973152161
"app whitelisting doesn't work, everything works fine when whitelisting is turned off (tree withers when i exit the app) but when it's on, i can access any app without the tree dying, not just the whitelisted ones. i've also turned on the advanced detection mode, does not help.",neutral,neutral,0.5513157248497009,0.39756065607070923,0.5513157248497009,0.051123619079589844
"this ""use"" to be the greatest weather app right up until <url> latest update froze radar animation and i don't get alerts until i open the app. deleting and going to find a better app.",negative,negative,0.7215325832366943,0.7215325832366943,0.2105501890182495,0.06791722774505615
"it does its job, but asking each time to rate the app is infuriating",neutral,neutral,0.7336041331291199,0.1563364565372467,0.7336041331291199,0.11005941033363342
my weatherbug now tells me im <number> towns away. reported <url> they told me i was dumb basically.,negative,negative,0.7858240604400635,0.7858240604400635,0.18065950274467468,0.03351641818881035
crude humor supports the deteriorating morals of society. not acceptable,negative,negative,0.6150447726249695,0.6150447726249695,0.3376191556453705,0.04733613133430481
after installed the browser <url> phone will hang and some unwanted program to be automatically <url> will affect on <url>,negative,negative,0.6850156784057617,0.6850156784057617,0.27943146228790283,0.035552941262722015
some update or something makes this wonderful app crash. please remedy the issue!!!,neutral,positive,0.46348196268081665,0.0989227443933487,0.4375953674316406,0.46348196268081665
love it but easy on the ads pls,positive,positive,0.705062985420227,0.017900466918945312,0.27703657746315,0.705062985420227
"for all those whose trees are not withering, turn off whitelist mode",neutral,negative,0.5467501878738403,0.5467501878738403,0.35823944211006165,0.09501035511493683
"i really enjoy this app, it's been quite helpful. however, though it counts the time you exceed the preset goal you don't get any extra trees/bushes. this means that i sometimes go over my time focus goal, but only see one lonely tree for my efforts. good bit of a bummer. otherwise, love the app.",positive,positive,0.8800564408302307,0.013039065524935722,0.10690450668334961,0.8800564408302307
not as accurate at weather channel but i like that i can choose the radar location.,positive,positive,0.7606728076934814,0.012930819764733315,0.2263963669538498,0.7606728076934814
i prefer the blackberry version to the android version. or maybe i've not discovered all the tricks here.,neutral,neutral,0.5545570254325867,0.03540577366948128,0.5545570254325867,0.41003718972206116
great! so much potential!,positive,positive,0.8798992037773132,0.0349450558423996,0.08515571057796478,0.8798992037773132
can't use bbm after update,negative,neutral,0.594633162021637,0.35503819584846497,0.594633162021637,0.05032864212989807
on getting the latest update the app stopped working all of a sudden. i use samsung galaxy s <number> . please see what has gone wrong. i tried reinstalling the app too. didn't work.,negative,negative,0.9188963770866394,0.9188963770866394,0.06965242326259613,0.01145115029066801
very very slow even on nexus one,negative,negative,0.7656854391098022,0.7656854391098022,0.19132983684539795,0.04298468306660652
like the old version better,positive,positive,0.5361814498901367,0.03128394857048988,0.4325345754623413,0.5361814498901367
stop asking me to rate every time i launch the app.,negative,negative,0.7948586940765381,0.7948586940765381,0.17447783052921295,0.03066353127360344
lots of force closes on galaxy s.,negative,negative,0.4587666094303131,0.4587666094303131,0.4486740231513977,0.09255936741828918
needs more of the core lightroom features,neutral,neutral,0.6292642951011658,0.031887445598840714,0.6292642951011658,0.3388482630252838
"great app, just a few things that need addressed. i can no longer ""purchase"" additional trees and i have the $. it says forbidden after taking a while to load. i've uninstalled and reinstalled, running on the most current app and android os <number> . <number> , droid turbo <number> .",neutral,positive,0.6681915521621704,0.07493259757757187,0.25687578320503235,0.6681915521621704
please add live radar widget!,positive,neutral,0.5191466808319092,0.11458631604909897,0.5191466808319092,0.36626699566841125
can't quickly link to specific page or bookmark. sucks. quick office is much better for reading pdfs.,negative,negative,0.7865617871284485,0.7865617871284485,0.18693779408931732,0.026500433683395386
it dose not let you do anything,negative,negative,0.8401180505752563,0.8401180505752563,0.1377478837966919,0.022134065628051758
hourly doesn't match the <number> day,neutral,negative,0.6501377820968628,0.6501377820968628,0.3097594976425171,0.040102727711200714
it's a good app,positive,positive,0.5865139961242676,0.014538194052875042,0.3989477753639221,0.5865139961242676
good app edit picture,positive,neutral,0.49426591396331787,0.02103854902088642,0.49426591396331787,0.4846956133842468
can't bookmark the page! it's hard to read an e-book and remember the page number. i will delete.,negative,negative,0.5901699066162109,0.5901699066162109,0.37737178802490234,0.032458238303661346
use for fast download,positive,positive,0.6848515868186951,0.03146651014685631,0.2836819291114807,0.6848515868186951
used to be the <signature>,negative,negative,0.7330092787742615,0.7330092787742615,0.21699509024620056,0.04999570921063423
better than most. quick and easy,positive,positive,0.88288414478302,0.01370473112910986,0.10341110080480576,0.88288414478302
"not fast in sending and receiving messages, the app needs to be worked on.",negative,neutral,0.7619789242744446,0.16334229707717896,0.7619789242744446,0.07467878609895706
local adjustment not appearing,positive,neutral,0.6874081492424011,0.19261817634105682,0.6874081492424011,0.11997370421886444
used to be great,negative,negative,0.8283040523529053,0.8283040523529053,0.1404588222503662,0.031237101182341576
just got it <url> fingers crossed,neutral,neutral,0.4438569247722626,0.3291696012020111,0.4438569247722626,0.22697344422340393
best pic editing <url>,positive,positive,0.7279325723648071,0.016825515776872635,0.25524193048477173,0.7279325723648071
no bookmark or jump page. doesnt remember where i was when closed,negative,negative,0.7902438044548035,0.7902438044548035,0.18798549473285675,0.02177073247730732
"good. only complaint is that sometimes the location on my lock screen is not my current location, but a random one from my saved places.",positive,positive,0.5500590801239014,0.01715511828660965,0.4327857494354248,0.5500590801239014
for the older version,neutral,neutral,0.5068152546882629,0.2251458615064621,0.5068152546882629,0.26803895831108093
"this app is pretty good, but i wish i could use this in my normal keyboard and i hope that it will be animated and have a transparent background",positive,positive,0.7514930963516235,0.012898452579975128,0.23560844361782074,0.7514930963516235
it's very accurate and good,positive,positive,0.890423059463501,0.011308738961815834,0.09826818853616714,0.890423059463501
loved it till i got a new phone,negative,neutral,0.3483574688434601,0.3370782732963562,0.3483574688434601,0.3145642578601837
works ok but crashes when i rotate my archos <number> .,neutral,neutral,0.7810443043708801,0.10874852538108826,0.7810443043708801,0.11020712554454803
bloats <number> megs needs to be movable to <url>,negative,negative,0.4856462776660919,0.4856462776660919,0.43600958585739136,0.07834407687187195
shares the way it wants without permission,negative,neutral,0.4650612771511078,0.21590253710746765,0.4650612771511078,0.31903624534606934
external storage for cache,neutral,neutral,0.6006636619567871,0.08007624000310898,0.6006636619567871,0.3192600607872009
the radar map is practically useless now,negative,negative,0.911211371421814,0.911211371421814,0.07442924380302429,0.014359494671225548
will not select the correct current location.,negative,negative,0.5369618535041809,0.5369618535041809,0.4194910228252411,0.04354708269238472
cant edit my avatar and cant log in!!,negative,negative,0.906618595123291,0.906618595123291,0.08243607729673386,0.010945319198071957
this is worse than what we call pathetic when it comes to mobile app.,negative,negative,0.9292555451393127,0.9292555451393127,0.0577019639313221,0.013042568229138851
updated to make it worst,negative,negative,0.8427683711051941,0.8427683711051941,0.1272698938846588,0.0299617238342762
the trees do not die when i leave the app which is what the app was supposed to do should i have left the app to use other apps like ig or youtube,negative,negative,0.7320312261581421,0.7320312261581421,0.216213196516037,0.0517556369304657
new version is a major step back,negative,neutral,0.45061182975769043,0.1681680828332901,0.45061182975769043,0.38122010231018066
awesome and secure app,positive,positive,0.8896657228469849,0.028087448328733444,0.08224689215421677,0.8896657228469849
awful app. really awful.,negative,negative,0.9444469213485718,0.9444469213485718,0.042898666113615036,0.012654371559619904
would rate <number> <url>,negative,neutral,0.5978002548217773,0.08293606340885162,0.5978002548217773,0.3192636966705322
"makes an incredibly annoying and loud clicking sound through the speakers whenever you take a photo, with no ability to disable it.",neutral,negative,0.6480430960655212,0.6480430960655212,0.2946184575557709,0.05733849108219147
it's nice but some problems r there,neutral,neutral,0.5239159464836121,0.01573134772479534,0.5239159464836121,0.46035274863243103
have used it for years,positive,positive,0.5820361375808716,0.1885974109172821,0.22936643660068512,0.5820361375808716
hope it supports split screen,positive,neutral,0.5672305226325989,0.029059456661343575,0.5672305226325989,0.4037100374698639
good app to <url> i alwayz prefer uc browser to <url>,positive,neutral,0.5195267200469971,0.024216806516051292,0.5195267200469971,0.4562564790248871
some issues but otherwise excellent,positive,positive,0.5813177227973938,0.017081446945667267,0.40160077810287476,0.5813177227973938
"this app is great, allows you to edit raw files, and almost has all the same options as a desktop/laptop version. the only thing i would really love to see is a brush setting, really all it needs for <number> stars in my books!",positive,positive,0.9005439281463623,0.02008706144988537,0.07936899363994598,0.9005439281463623
basic stuff done well,neutral,positive,0.8020869493484497,0.022457705810666084,0.17545537650585175,0.8020869493484497
unfriendly to free users,negative,negative,0.9327656030654907,0.9327656030654907,0.052914947271347046,0.01431944314390421
crashed my phone twice in a row doing nothing more then trying to read a <url>,negative,negative,0.9218782186508179,0.9218782186508179,0.06096377223730087,0.017158066853880882
has become unreliable and very inaccurate. loved it and now will get rid of because of terrible forecasts.,negative,negative,0.9035119414329529,0.9035119414329529,0.08000167459249496,0.016486406326293945
still no group contacts like old bbm,negative,neutral,0.7236756086349487,0.09939348697662354,0.7236756086349487,0.17693091928958893
"slow loading, double notifications",neutral,neutral,0.6243312954902649,0.31075218319892883,0.6243312954902649,0.06491658836603165
i love this app but sometimes it is really lagging.,positive,positive,0.5228413343429565,0.04738113284111023,0.4297775626182556,0.5228413343429565
freezes when opening pdfs. useless. root droid <number> . <number>,negative,negative,0.9414917826652527,0.9414917826652527,0.047718871384859085,0.01078928541392088
"really nice app ,with grt way to analyse yr productivity",positive,positive,0.8890345096588135,0.011202804744243622,0.09976264834403992,0.8890345096588135
great but one major problem,positive,positive,0.7325533032417297,0.025908762589097023,0.2415379136800766,0.7325533032417297
this program needs to be able to jump to specific pages in the pdf. i have a <number> page set of blueprints in need to access multiple times daily. fix,negative,neutral,0.7133506536483765,0.18494382500648499,0.7133506536483765,0.10170551389455795
something went wrong before i could access this app. immediately <url> viruses needed.,negative,negative,0.7146369218826294,0.7146369218826294,0.2438783347606659,0.0414847731590271
last update problem when search number adults,negative,neutral,0.6291548609733582,0.26364588737487793,0.6291548609733582,0.10719920694828033
very good app very easy,positive,positive,0.8937373161315918,0.013839357532560825,0.09242332726716995,0.8937373161315918
it's good app and doesn't contain virus,positive,positive,0.5075488090515137,0.016600068658590317,0.4758511185646057,0.5075488090515137
please add widgets for slack,positive,positive,0.4966385066509247,0.05352279543876648,0.44983866810798645,0.4966385066509247
add hdr support for htc <number> please!,neutral,neutral,0.5078270435333252,0.05552048236131668,0.5078270435333252,0.4366525411605835
"suddenly it's killing all my trees it's was working perfectly, but now i keep getting a ""unknown app'",negative,neutral,0.6090295314788818,0.28452160954475403,0.6090295314788818,0.10644881427288055
well <url> you need access to my files and my camera ? looks like an insecure joke. i 'll install once we are back to serious.,negative,neutral,0.653268039226532,0.2372012436389923,0.653268039226532,0.10953076183795929
this app is <url> not as expected,negative,neutral,0.5259430408477783,0.41276291012763977,0.5259430408477783,0.06129409745335579
please add remind me option,neutral,positive,0.5091911554336548,0.06547465175390244,0.4253341555595398,0.5091911554336548
"original user interface, very usable.",positive,positive,0.6375431418418884,0.02444784715771675,0.3380090594291687,0.6375431418418884
i use this site for booking over night stays when going on holiday. good hotel and great staff.,positive,positive,0.9178344011306763,0.01725803315639496,0.06490757316350937,0.9178344011306763
can't access my account,negative,negative,0.8828073740005493,0.8828073740005493,0.10358218848705292,0.013610468246042728
very useful to find non-chain hotels--saving lots of money when all you need is a clean room and a servicable bed.,positive,positive,0.9162092804908752,0.013453001156449318,0.07033766061067581,0.9162092804908752
"love it, something for almost every occasion!",positive,positive,0.8540731072425842,0.04157177358865738,0.10435514152050018,0.8540731072425842
doesn't format text correctly,neutral,negative,0.6874120235443115,0.6874120235443115,0.28291255235671997,0.029675403609871864
"despite all these new pdf readers, this app provides very good benefits",positive,positive,0.7914295792579651,0.02052989974617958,0.18804052472114563,0.7914295792579651
love it but hate it,neutral,neutral,0.5112878680229187,0.25358474254608154,0.5112878680229187,0.23512737452983856
great application. efficient way to browse and book accommodation.,neutral,positive,0.9190745949745178,0.013994441367685795,0.06693095713853836,0.9190745949745178
great mutch eadier than website. quick and convenient,positive,positive,0.8749263286590576,0.013432671315968037,0.111641064286232,0.8749263286590576
excellent. not needing any permissions is cool.,neutral,positive,0.7961239218711853,0.013591001741588116,0.19028514623641968,0.7961239218711853
"works pretty good, nice to finally have this on android.",positive,positive,0.8580055832862854,0.011321363039314747,0.1306730955839157,0.8580055832862854
to boring and to many adds,negative,neutral,0.44980597496032715,0.4315339922904968,0.44980597496032715,0.11866006255149841
reply from notification and remove bbm channels,neutral,negative,0.5815013647079468,0.5815013647079468,0.3479057550430298,0.07059289515018463
love the app but current temperature doesn't stay in the notification bar even though i have it set to go the settings. please fix. i have to constantly open the app for current temp.,positive,positive,0.6164396405220032,0.02925970032811165,0.3543006479740143,0.6164396405220032
i like it . works great,neutral,positive,0.9098549485206604,0.017419278621673584,0.07272573560476303,0.9098549485206604
it's good for documents viewings and managing.,positive,positive,0.7314413189888,0.014092202298343182,0.25446653366088867,0.7314413189888
it's good but not too much <url> it's working well,positive,neutral,0.5793845653533936,0.016645831987261772,0.5793845653533936,0.4039696455001831
pic porn on ads,negative,negative,0.6821898221969604,0.6821898221969604,0.2539442181587219,0.06386591494083405
dope! i wish there was a batch deletion feature.,positive,negative,0.7686159610748291,0.7686159610748291,0.19194169342517853,0.039442285895347595
"worked great for years but now it double posts everything i send on my chromebook. love it on every other <url> iphone, mac. i hope this is fixed in the next <url> !",neutral,positive,0.7992764711380005,0.03645424544811249,0.1642693430185318,0.7992764711380005
"sering error, but it's fine. still working",positive,neutral,0.7014847993850708,0.03988157585263252,0.7014847993850708,0.25863367319107056
full of bugs. i can claim the reward but my coins doesn't increase at all????,negative,negative,0.6477550268173218,0.6477550268173218,0.3032173216342926,0.04902765899896622
reliable when signal is good,positive,positive,0.6099515557289124,0.019061723724007607,0.370986670255661,0.6099515557289124
love it and hate it.,neutral,negative,0.7934404015541077,0.7934404015541077,0.15605542063713074,0.050504170358181
would be good if you could delete after finished!,neutral,neutral,0.6031566262245178,0.027063019573688507,0.6031566262245178,0.3697803318500519
works for me. only one i ever use.,positive,negative,0.5524677038192749,0.5524677038192749,0.2542914152145386,0.1932409107685089
error <url> do not work. i'm having <number> . <number> . <number> <url> still not working .,negative,negative,0.9296977519989014,0.9296977519989014,0.05918702110648155,0.01111523061990738
it is very good but it needs more options on the facial features and the body motifications,positive,positive,0.6836429834365845,0.01759028621017933,0.29876670241355896,0.6836429834365845
takes up <number> percent of the <url> saves everything u <url> good for a <url> have motorola droid.,negative,negative,0.5362521409988403,0.5362521409988403,0.40126335620880127,0.06248456612229347
nice <url> was using this <url> information for news and latest updates,neutral,positive,0.8153201341629028,0.01575896330177784,0.16892088949680328,0.8153201341629028
"the whitelist doesn't <url> no matter what i do, my tree dies.",neutral,negative,0.8429218530654907,0.8429218530654907,0.12786146998405457,0.02921668440103531
"good app, but lacking android wear (and thus pebble) support. i prefer google hangouts to slack because of this missing functionality.",neutral,neutral,0.6193751692771912,0.01965833641588688,0.6193751692771912,0.36096644401550293
great but too much phone access,neutral,neutral,0.5075880885124207,0.020939379930496216,0.5075880885124207,0.47147250175476074
if you can't offer better pricing you're useless,negative,negative,0.9302098155021667,0.9302098155021667,0.05501984804868698,0.014770287089049816
seriously your ad blocker never works everytime i go to movies site pop up ads pop ups every second very irritating don't <url> u will never get good surfing experience,negative,negative,0.8896450400352478,0.8896450400352478,0.09355676174163818,0.01679822988808155
minimize category and bbm group user friendly,positive,neutral,0.6645691394805908,0.07435302436351776,0.6645691394805908,0.261077880859375
it doesn't save the last page you were on. it's annoying.,neutral,neutral,0.7063552141189575,0.2167266607284546,0.7063552141189575,0.0769181177020073
please add something which shows you how long you've worked for each day and maybe a graph for comparing different working times,neutral,positive,0.7096547484397888,0.022686688229441643,0.2676585614681244,0.7096547484397888
not bad better than other,positive,neutral,0.7540101408958435,0.04915846884250641,0.7540101408958435,0.1968313753604889
i like the radar and spark. i work outside so that helps. the temp though? <url> but i guess that's what you get when trying to predict the actions of the most volatile woman in existence. mother nature of course.,neutral,positive,0.8687987327575684,0.014192483387887478,0.117008738219738,0.8687987327575684
why it is asking to download uc browser when i am going to download song and i don't want to download uc browser,negative,negative,0.595623791217804,0.595623791217804,0.34370294213294983,0.060673270374536514
"awesome app!! it helps me a <url> i think it will be better if it had a <url> like we can time when it will start <url> sometimes i like to use my phone a lot. like before bed or using my phone at <url> smting like that. if you had the timer, we can set our work time so we would not play phones at certain <url> but still this app is great!!",positive,positive,0.8949669003486633,0.01355840265750885,0.09147472679615021,0.8949669003486633
good app but <url>,neutral,neutral,0.7579461336135864,0.0372004397213459,0.7579461336135864,0.20485341548919678
does the job it aims to do,neutral,positive,0.5636284351348877,0.17746353149414062,0.2589080333709717,0.5636284351348877
ridiculous. why the hell i cannot move it to memory card?,negative,negative,0.9295260310173035,0.9295260310173035,0.05292904004454613,0.017544865608215332
download error problem network gone after network connected again donwload doesn't resume,neutral,negative,0.7231977581977844,0.7231977581977844,0.23635156452655792,0.04045071825385094
"i would give this app more stars if it weren't for the inability to get an overview of the total number of hours sunk into each tag rather than just a percentage, extend the amount of time you want on the fly and to filter by multiple tags vs either only one or all at the moment.",neutral,positive,0.5927501916885376,0.03551850467920303,0.3717312514781952,0.5927501916885376
"its cool, i love it",neutral,positive,0.706234872341156,0.02127864956855774,0.27248647809028625,0.706234872341156
warning. bad apps. this apps cheat ur money on cancelation,negative,negative,0.9472023844718933,0.9472023844718933,0.04278912395238876,0.010008430108428001
please fix!! then <number> stars,negative,neutral,0.4381791651248932,0.3625869154930115,0.4381791651248932,0.19923393428325653
it's ok this apps,positive,neutral,0.6526938676834106,0.02786625362932682,0.6526938676834106,0.3194398581981659
please add support for links inside pdf! great app but i really miss that feature!!,neutral,positive,0.8835704326629639,0.015696462243795395,0.10073310136795044,0.8835704326629639
weatherbug was better <number> years back than it is now. i do not like the last few updates. the maps not as good especially showing cloud cover with storms or without. the layers is really sib par from the way it was. now for the last <number> days its shutting down for no reason,neutral,neutral,0.6847102046012878,0.2296661138534546,0.6847102046012878,0.08562371134757996
uc helpful but it's have many bad <url>,positive,neutral,0.6201426982879639,0.026494180783629417,0.6201426982879639,0.35336312651634216
it tells me what i need to know,positive,positive,0.6833375096321106,0.05060328170657158,0.26605919003486633,0.6833375096321106
addicted to phone? this is the app,positive,negative,0.8630203008651733,0.8630203008651733,0.10948863625526428,0.02749113366007805
works well but beware the enormous memory use for data. if this could be stored on sd card then i would give <number> stars. as it is may have to uninstall.,neutral,neutral,0.6996085047721863,0.024033863097429276,0.6996085047721863,0.27635765075683594
nice app for viewing documents!!! have been using it since many years!,positive,positive,0.9190354347229004,0.0148128941655159,0.0661516860127449,0.9190354347229004
doesn't have a logout option,positive,negative,0.4959455728530884,0.4959455728530884,0.46105509996414185,0.042999304831027985
enlarge capacity for sending video,neutral,neutral,0.576738178730011,0.08411373198032379,0.576738178730011,0.33914807438850403
"it needs to have color, hairstyles and have character friends we pick on the lists to be in emojis too. plus can we have clothes come from video games and movies. plz",positive,positive,0.71673983335495,0.022690800949931145,0.26056942343711853,0.71673983335495
excellent considering all i want is pdf reader. but confused why such a basic thing like bookmarks is missing! the page nav good but never accurate,neutral,positive,0.5801175832748413,0.01822541281580925,0.40165695548057556,0.5801175832748413
very funny! it crashes in my s <number> edge+,negative,negative,0.6777318716049194,0.6777318716049194,0.24541784822940826,0.0768502876162529
cant book in alantic city nj,negative,negative,0.6470624804496765,0.6470624804496765,0.3114786744117737,0.041458841413259506
learnt about it hope it is going to be <url>,neutral,positive,0.6231567859649658,0.09309680014848709,0.2837464213371277,0.6231567859649658
i think it is cool because you can use it for anything and could make stories etc.,positive,positive,0.7231723070144653,0.015064531937241554,0.26176318526268005,0.7231723070144653
"so powerful, yet so limited.",neutral,neutral,0.472699373960495,0.19990351796150208,0.472699373960495,0.32739707827568054
i really like this app. have a lot of fun with it when i send text messages. haven't had any problems with it.,neutral,positive,0.893997848033905,0.01701635681092739,0.08898577094078064,0.893997848033905
new icon is really lame. looks like google <url> hahaha. binit,negative,negative,0.6891815662384033,0.6891815662384033,0.2754566967487335,0.03536174073815346
easy and convenient to use,positive,positive,0.8835240006446838,0.013718011789023876,0.10275793820619583,0.8835240006446838
holy data <url> people please!,negative,negative,0.4664573073387146,0.4664573073387146,0.3536183536052704,0.17992430925369263
screw you slack for arbitrarily forcing everyone on mobile to download this utterly superfluous client while your services run well in browser.,negative,negative,0.9422792196273804,0.9422792196273804,0.04410329461097717,0.01361746434122324
sometime. . force close hard launch,neutral,neutral,0.6510832905769348,0.2228783220052719,0.6510832905769348,0.1260383427143097
"slow, and hang when zoom",negative,neutral,0.6543410420417786,0.24669179320335388,0.6543410420417786,0.09896712750196457
"the app is really good. i find it really fun but i suggest that you guys add piercings, birthmarks, beauty marks and things like that, maybe even allow more then two bitmoji characters. other than that, the app is really good",positive,positive,0.8337820768356323,0.01187131181359291,0.15434660017490387,0.8337820768356323
"would pay extra to get the ads to go away. otherwise, very good.",neutral,positive,0.5916028618812561,0.02373548410832882,0.3846616744995117,0.5916028618812561
beware making fool and cheating beware,negative,negative,0.9426995515823364,0.9426995515823364,0.04354070499539375,0.01375974528491497
what happened to the paid version?,negative,negative,0.845763087272644,0.845763087272644,0.12961727380752563,0.02461964637041092
good <number> st version - htc one m <number>,positive,neutral,0.5695181488990784,0.02743179351091385,0.5695181488990784,0.40305012464523315
great app use it to store music in,positive,positive,0.8988175988197327,0.020939510315656662,0.08024289458990097,0.8988175988197327
"could use a bit of <url> other than that, great concept and idea!",neutral,positive,0.8053069114685059,0.013135364279150963,0.1815577745437622,0.8053069114685059
more customizable than the other guy but not as complete as i'd like,positive,neutral,0.5673189163208008,0.030814042314887047,0.5673189163208008,0.4018670618534088
"i always like this app since i used my old curve. but the ads kill me, hahahaha.",positive,negative,0.4977417588233948,0.4977417588233948,0.4152916967868805,0.08696652948856354
"what a crappy app. rim can do much betta than this. wanted to give it a zero star but that option ain't available, i wonder why.",negative,negative,0.8767297267913818,0.8767297267913818,0.1003260612487793,0.022944241762161255
it's a good app . it saved my mobile from getting virus into my mobile,positive,positive,0.812821090221405,0.010768062435090542,0.17641088366508484,0.812821090221405
it's really nice !!!,neutral,positive,0.8351839780807495,0.015083085745573044,0.14973293244838715,0.8351839780807495
"the prices are super high. like,the great <url> a billionaire could pay, but they would be poor afterwards. don't use!",negative,negative,0.8643801808357239,0.8643801808357239,0.11409875005483627,0.021521057933568954
"great local forecast, maybe because i live near their headquarters. it works great when i travels as well.",positive,positive,0.8785815834999084,0.013050888665020466,0.10836759209632874,0.8785815834999084
not very compatible with pomodoro technique,neutral,neutral,0.7040213942527771,0.20823931694030762,0.7040213942527771,0.08773935586214066
very useful and reliable app. documents are available offline which i find very convenient,positive,positive,0.919861376285553,0.014981931075453758,0.06515660881996155,0.919861376285553
too many ads! hate it,negative,negative,0.942236065864563,0.942236065864563,0.04672873020172119,0.011035233736038208
good but i don't like this app becouse of that annoying ads please remove this <url>,negative,neutral,0.7349060773849487,0.05566079914569855,0.7349060773849487,0.20943310856819153
improve android app please,neutral,neutral,0.51185142993927,0.05572190508246422,0.51185142993927,0.4324266314506531
not happy over my profile picture,neutral,negative,0.6807960271835327,0.6807960271835327,0.27663666009902954,0.04256726801395416
foxit reader is more convenient,positive,neutral,0.5073164701461792,0.034825026988983154,0.5073164701461792,0.45785850286483765
"cute, simple and motivating!",positive,positive,0.9067777991294861,0.01968177780508995,0.07354038953781128,0.9067777991294861
good but could be better,positive,neutral,0.7313199043273926,0.033580951392650604,0.7313199043273926,0.23509912192821503
"one of the essential apps, but imperfectly realized in android",positive,positive,0.6497753858566284,0.05866345763206482,0.2915611267089844,0.6497753858566284
like it but too much ads,positive,neutral,0.6454827189445496,0.02788454480469227,0.6454827189445496,0.3266327381134033
still very lame. can't open pdfs that are image scans. cmon adobe. really?,negative,negative,0.8900207281112671,0.8900207281112671,0.09366977214813232,0.016309481114149094
"after unable to launch get fixed in the update last night, all my past <number> days history is gone <url> all my lemon <url> this how the developer improve performance? very <url>",negative,negative,0.6482737064361572,0.6482737064361572,0.26824888586997986,0.08347742259502411
you better call it off. useless.,negative,negative,0.9526836276054382,0.9526836276054382,0.035403452813625336,0.011912941001355648
as good as the web version,positive,positive,0.5020790696144104,0.028521057218313217,0.4693998694419861,0.5020790696144104
just updated bbm and all of my chat history disappeared! need a way to restore it. pls fix it.,neutral,negative,0.6096377968788147,0.6096377968788147,0.34322866797447205,0.047133564949035645
<salutation> can't even open password protected files. waste of time and memory,negative,negative,0.9482128024101257,0.9482128024101257,0.04184411093592644,0.009943118318915367
i dont understand this ap,neutral,negative,0.8917252421379089,0.8917252421379089,0.09194763004779816,0.016327112913131714
its a very good app,positive,positive,0.7702785730361938,0.01336158998310566,0.21635983884334564,0.7702785730361938
good website for hotels. plenty of options and many with free cancellation.,positive,positive,0.9077234268188477,0.011199003085494041,0.08107756078243256,0.9077234268188477
bad very very bad. in all website you have ads <url> is <url> <url> bad things <url> <url>,negative,negative,0.9367027878761292,0.9367027878761292,0.04905371740460396,0.01424353662878275
claims app <number> sd but <url> no option to move from phone to sd card. it's a <number> +mb app. htc di <number> . <number>,neutral,negative,0.48556920886039734,0.48556920886039734,0.46374452114105225,0.05068633332848549
"unnecessary app, please kill it.",negative,negative,0.8692160844802856,0.8692160844802856,0.10905925929546356,0.02172473445534706
my favorite way to communicate,positive,positive,0.8659507036209106,0.03188205137848854,0.10216724872589111,0.8659507036209106
quickly opens up the pdf <url> and very user friendly,positive,positive,0.8890923857688904,0.018783455714583397,0.09212414175271988,0.8890923857688904
force closed after update,neutral,negative,0.8363659977912903,0.8363659977912903,0.1265217661857605,0.03711218386888504
this app is nice for safe <url>,neutral,positive,0.6889374256134033,0.015567230992019176,0.2954953908920288,0.6889374256134033
brings so much important info to my phone in an easy to use format.,positive,positive,0.9126225113868713,0.020548932254314423,0.06682858616113663,0.9126225113868713
very nice and helpful app,positive,positive,0.9193370938301086,0.014973175711929798,0.06568977981805801,0.9193370938301086
don't send fake news,neutral,negative,0.753383219242096,0.753383219242096,0.20995619893074036,0.03666059672832489
it asks for login every time i start it and that is very annoying. on my ipad it does not behave that way.,neutral,negative,0.640874445438385,0.640874445438385,0.32300060987472534,0.03612498193979263
update <url> bisa copy comment di picture group <url> info bagaimana cara copy coment nya?,negative,neutral,0.4799574613571167,0.3412659168243408,0.4799574613571167,0.1787765771150589
"good so far on phone, afraid to install on laptop, had a older version that wouldn't go away and had constant ads and pop-ups",positive,neutral,0.5634970664978027,0.05064339563250542,0.5634970664978027,0.38585954904556274
this app is far too big.,negative,negative,0.8264975547790527,0.8264975547790527,0.15215155482292175,0.021350879222154617
this is a good app,positive,positive,0.5623465776443481,0.019874684512615204,0.41777873039245605,0.5623465776443481
"i'm heard about security concerns related to this browser, can u explain it?",neutral,neutral,0.6354621648788452,0.10993748158216476,0.6354621648788452,0.2546003460884094
worst app in world,negative,negative,0.9529349207878113,0.9529349207878113,0.03534379601478577,0.01172121986746788
i wish i could make funnies with my friends in them. not just in snapchat. otherwise a very fun app.,positive,positive,0.8421528339385986,0.012253379449248314,0.1455937772989273,0.8421528339385986
its alright but got a long way to go to better repligo. need to be able to skip to chapters and double tap zoom should fit paragraph to screen width,neutral,neutral,0.6969112157821655,0.019416797906160355,0.6969112157821655,0.2836719751358032
just missing an iphone feature.,positive,neutral,0.6969594359397888,0.17939941585063934,0.6969594359397888,0.12364122271537781
not as good as on the blackberry phones doesn't show a red star to let you know you have an unread message unless you open the app,neutral,neutral,0.7282418608665466,0.19723527133464813,0.7282418608665466,0.07452289760112762
excellent with some improvements,positive,positive,0.8765406608581543,0.01366478018462658,0.1097945123910904,0.8765406608581543
add fonts and stuff,positive,positive,0.6838136315345764,0.02665989100933075,0.28952643275260925,0.6838136315345764
please add some more features,positive,positive,0.5897440910339355,0.04615168273448944,0.3641042113304138,0.5897440910339355
wish you could choose a friends to be part of the emoji,neutral,positive,0.560681164264679,0.030577577650547028,0.4087412357330322,0.560681164264679
this app is useless. if i hit the home button the app plays in the background of my phone without the tree dying. that literally defeats the entire purpose of the app,negative,negative,0.949550449848175,0.949550449848175,0.03926471248269081,0.011184832081198692
now i accepted it,positive,neutral,0.3686242699623108,0.33748024702072144,0.3686242699623108,0.2938954830169678
support for password protected documents.,neutral,positive,0.7485522627830505,0.023431943729519844,0.22801581025123596,0.7485522627830505
discord came out and improved on slack in every way. there is no reason to use this trash anymore.,negative,negative,0.9409050345420837,0.9409050345420837,0.04727891832590103,0.011816030368208885
not anymore waste of time,negative,negative,0.6619893312454224,0.6619893312454224,0.271865576505661,0.06614512950181961
not able to sign in,negative,negative,0.8203995227813721,0.8203995227813721,0.15392081439495087,0.025679636746644974
edit: i found the lemons and how to kill trees,positive,neutral,0.488130122423172,0.2073453664779663,0.488130122423172,0.3045244812965393
always eror <url> this app,negative,positive,0.4846422076225281,0.20779401063919067,0.307563841342926,0.4846422076225281
has too much space for ads. premium for login. there are more user friendly ways to monetize your app. the concept is ok but poorly executed,negative,neutral,0.623781144618988,0.31347835063934326,0.623781144618988,0.06274053454399109
"since using a new update, my htc one x, always not <url>",negative,negative,0.6981832385063171,0.6981832385063171,0.2657090127468109,0.03610772639513016
wpupd give more stars if we could use this app on fb messenger,neutral,neutral,0.5403613448143005,0.2723363935947418,0.5403613448143005,0.18730227649211884
"not more reliable as the desktop app, but it is enough to get by",neutral,neutral,0.7298593521118164,0.03262205794453621,0.7298593521118164,0.23751863837242126
does not open all pdf files that you can open with adobe on the pc. uninstalled.,negative,negative,0.9474657773971558,0.9474657773971558,0.04306314140558243,0.00947105698287487
"really bad. zoom removes text, outer viewmode locks scrolling etc etc",negative,negative,0.9039061665534973,0.9039061665534973,0.08111065626144409,0.014983166940510273
i think the app is ment for book worms and book worms like me love it,neutral,positive,0.7277153730392456,0.04900859296321869,0.22327600419521332,0.7277153730392456
chat app or ads app,negative,negative,0.47884297370910645,0.47884297370910645,0.4296428859233856,0.09151413291692734
"good accuracy, clean look and good features.",positive,positive,0.902439296245575,0.011859409511089325,0.08570133149623871,0.902439296245575
tree doesn't whether if i leave the app n play game this app sucks,negative,negative,0.7993727922439575,0.7993727922439575,0.1788552701473236,0.021771851927042007
even worse than photoshop,negative,negative,0.8801373243331909,0.8801373243331909,0.09187310189008713,0.027989529073238373
begging for bookmark and copy paste option <url>,neutral,negative,0.8260604739189148,0.8260604739189148,0.13759395480155945,0.03634558618068695
forgets where i was when killed by the system,neutral,negative,0.5259957909584045,0.5259957909584045,0.37801820039749146,0.0959860160946846
very good. am no lonnger using infinix <number> am using mi note and it is very difficut for me to update my mi note phone.,neutral,positive,0.5650083422660828,0.04964804649353027,0.38534361124038696,0.5650083422660828
not easy to use,neutral,neutral,0.669900119304657,0.24477519094944,0.669900119304657,0.08532469719648361
good app but huge filespace,neutral,neutral,0.49394524097442627,0.018590491265058517,0.49394524097442627,0.4874642789363861
no substitute for this great secure app for mobile communication in real time,positive,positive,0.6460739374160767,0.09881344437599182,0.25511258840560913,0.6460739374160767
not for bald people,negative,neutral,0.5384324789047241,0.3292108476161957,0.5384324789047241,0.132356658577919
really useful app. totally enjoyed using it. i had downloaded this without many expectations but the simplicity and perfection that this app delivered totally blew me away. hats off to the developers !! keep up the great work !!,positive,positive,0.900092363357544,0.02027219533920288,0.079635389149189,0.900092363357544
"it's a good app overall, but the hourly forecast is totally unreliable. if the amatuers at weather underground can get it right <number> % of the time, why is weatherbug wrong <number> % of the time? c'mon folks, it's obviously do-able, so please try putting in the effort to get it right in the future (or at least check out the weather underground site and copy their work).",neutral,neutral,0.6650803089141846,0.02042257785797119,0.6650803089141846,0.3144971430301666
so so. like other apps in the play store. nothing special.,neutral,neutral,0.6840792894363403,0.11656593531370163,0.6840792894363403,0.19935476779937744
the standard tool for exchanging documents online,positive,positive,0.8573086857795715,0.031614962965250015,0.11107629537582397,0.8573086857795715
please fix some bug n i will give u <number> star,neutral,neutral,0.599805474281311,0.08310987055301666,0.599805474281311,0.31708472967147827
great app over all,positive,positive,0.878415584564209,0.0333675742149353,0.08821683377027512,0.878415584564209
the app is interactive and has all the required functions.,positive,positive,0.7879202365875244,0.02943049743771553,0.18264923989772797,0.7879202365875244
it's ok but the follow me is crap,neutral,neutral,0.7944615483283997,0.04602097347378731,0.7944615483283997,0.15951748192310333
update every <number> minutes,neutral,neutral,0.5617459416389465,0.3049738109111786,0.5617459416389465,0.13328026235103607
"i have installed and uninstalled repeated this several times, all it wants to do is update continuously. i can't use it at all.",negative,negative,0.9138966202735901,0.9138966202735901,0.07331077009439468,0.012792541645467281
used battery most show identity,negative,negative,0.5388153195381165,0.5388153195381165,0.3844321072101593,0.07675256580114365
should have more filtering options. should stop nagging for a review when you've already posted one.,neutral,neutral,0.7362572550773621,0.04189756512641907,0.7362572550773621,0.22184520959854126
"after reservation want to add rooms but app just crash, keep loading",negative,neutral,0.4805695712566376,0.4649741053581238,0.4805695712566376,0.05445633828639984
lost in the translation,negative,negative,0.6105774641036987,0.6105774641036987,0.2820441424846649,0.10737844556570053
new version is much slower than the last. loading messages and channels feels sluggish and tedious.,negative,neutral,0.7860733270645142,0.13536134362220764,0.7860733270645142,0.07856535911560059
where did the precipitation amounts go?,negative,neutral,0.46595528721809387,0.4110211431980133,0.46595528721809387,0.12302355468273163
"it's nice, but it would be great there'd be some piercings",positive,positive,0.5938941836357117,0.01334918662905693,0.3927566707134247,0.5938941836357117
it's a good app,positive,positive,0.5865139961242676,0.014538196846842766,0.3989477753639221,0.5865139961242676
good but could be better,positive,neutral,0.7313199043273926,0.033580951392650604,0.7313199043273926,0.23509912192821503
last update hosed app,negative,negative,0.907029926776886,0.907029926776886,0.0729994922876358,0.019970664754509926
"it keeps crashing. i like yet very annoying to keep <url> , weather stopped working.",neutral,neutral,0.4918942451477051,0.38431429862976074,0.4918942451477051,0.1237914189696312
the app would be better if you let us use calculator and <url> bcoz sometimes while studying you have to google something <url> just a suggestion.,neutral,neutral,0.5926695466041565,0.031598158180713654,0.5926695466041565,0.3757323622703552
"i love the amount of data and the warnings. however in the last <number> months the application has failed to work often at least once a day. if this issue could be solved, i would give the app <number> stars.",neutral,positive,0.8611783981323242,0.019163891673088074,0.11965765058994293,0.8611783981323242
you just need to add box braids as a hairstyle,positive,positive,0.6284374594688416,0.03919614478945732,0.3323664665222168,0.6284374594688416
its nice to receive anything,positive,positive,0.7183536887168884,0.014917745254933834,0.26672855019569397,0.7183536887168884
this app is awful,negative,negative,0.9334254860877991,0.9334254860877991,0.054685160517692566,0.011889448389410973
"bummer! now i am a former usser!!!! no-ads weatherbug, where are you? hello?",negative,negative,0.8686812520027161,0.8686812520027161,0.10904943943023682,0.022269291803240776
good for an <url>,neutral,neutral,0.654762864112854,0.03740191459655762,0.654762864112854,0.30783531069755554
this is very bad,neutral,negative,0.9268473386764526,0.9268473386764526,0.05876223370432854,0.01439044438302517
doesnt work on the gs <number>,negative,negative,0.915651261806488,0.915651261806488,0.07258304208517075,0.011765684932470322
too much ads not good for kids,neutral,negative,0.6177433133125305,0.6177433133125305,0.34084001183509827,0.04141666367650032
not working properly in android above <number> . <number>,positive,negative,0.8534913659095764,0.8534913659095764,0.12637603282928467,0.02013263665139675
slow sometimes especially during video and audio calls. the app just hangs and stops working.,positive,neutral,0.7595880627632141,0.11399717628955841,0.7595880627632141,0.12641477584838867
if i could alter the apps appearance to allow for inverted colour schemes i would give it <number> stars other than that this is a brilliant app.,positive,positive,0.8479399681091309,0.020127812400460243,0.13193221390247345,0.8479399681091309
one of the <signature>,neutral,positive,0.8711917996406555,0.034838564693927765,0.0939696654677391,0.8711917996406555
"it's not working for me, i'm using samsung tab <number> mini, it's asking for confirmation of date of birth",negative,negative,0.789007306098938,0.789007306098938,0.1894594430923462,0.02153320051729679
"i can use other app meanwhile timer is running , so no use waste app",negative,neutral,0.6621384024620056,0.12440403550863266,0.6621384024620056,0.2134576141834259
app is up to date and easy to read.,positive,positive,0.8630015254020691,0.015461420640349388,0.12153702974319458,0.8630015254020691
"do not waste your time. if u think u can save the earth but no, you have to buy premium first to plant trees. absolute a waste timer",negative,negative,0.9132558107376099,0.9132558107376099,0.0701441764831543,0.016600018367171288
sluggish compared to other pdf readers but renders well.,neutral,neutral,0.6664630770683289,0.029049314558506012,0.6664630770683289,0.30448755621910095
"i don't need this, but i'm sure someone will need it.",positive,neutral,0.6456519961357117,0.12330923229455948,0.6456519961357117,0.23103885352611542
"really fast, good and probably the <signature>",positive,positive,0.8454100489616394,0.012553015723824501,0.14203692972660065,0.8454100489616394
"my team, tired of waiting for a department driven initiative for collaboration tools, decided to start using this for ourselves. it's been a great experience so far - quicker responses, easy file sharing, organising social outings and reaching out to the whole team at once etc. the <signature>",positive,positive,0.9093703627586365,0.02492331713438034,0.0657062903046608,0.9093703627586365
bad uploaded pic display,negative,negative,0.8884494304656982,0.8884494304656982,0.09388234466314316,0.01766827702522278
i like this app is very useful,neutral,positive,0.8848870396614075,0.012962170876562595,0.10215074568986893,0.8848870396614075
"i was not able to open the app even after reinstalling it twice so instead i installed ""flip flop"" app which is also a similar app",negative,negative,0.6340733766555786,0.6340733766555786,0.2988804578781128,0.0670461654663086
what's with all the new permissions?,negative,neutral,0.5127139091491699,0.38926392793655396,0.5127139091491699,0.09802219271659851
the new automatic markdown feature sucks!!! and you cannot turn it off,negative,negative,0.8774473071098328,0.8774473071098328,0.10479114204645157,0.017761465162038803
now it use very long time for export photo.,negative,positive,0.6767988801002502,0.08723350614309311,0.23596765100955963,0.6767988801002502
can't import pictures,negative,negative,0.5455434322357178,0.5455434322357178,0.4119756519794464,0.04248097538948059
i love it but for some reason it doesn't work well on my samsung. if it worked better with my phone a higher rating,neutral,positive,0.5192172527313232,0.036100294440984726,0.44468244910240173,0.5192172527313232
did more things to say and more holiday,neutral,positive,0.5679783821105957,0.11859403550624847,0.31342753767967224,0.5679783821105957
can not open edited images on my galaxy note <number>,negative,negative,0.7680245637893677,0.7680245637893677,0.20968009531497955,0.022295331582427025
the confirmation details is not shown on <number> rd party screen. not useful if i have to inform <number> rd party of the confirmation details.,neutral,neutral,0.776898205280304,0.14556127786636353,0.776898205280304,0.0775405541062355
never sends the correct emoji.,negative,negative,0.7492033839225769,0.7492033839225769,0.22023184597492218,0.030564770102500916
please add save image setting,positive,neutral,0.564041256904602,0.11785346269607544,0.564041256904602,0.31810519099235535
i cant run the app after new update!!!,neutral,negative,0.9297959804534912,0.9297959804534912,0.06073378026485443,0.00947028398513794
ads thats the only thing spoiling this <url> bcz ads are source of income <url> lose this app the source ur getting ads,negative,negative,0.8386437296867371,0.8386437296867371,0.1369898021221161,0.02436653897166252
i have had this app for a while and it works really well,negative,positive,0.812346875667572,0.020259791985154152,0.16739337146282196,0.812346875667572
mostly good except- sucks too much background data and not freindly to my battery . should shut itself down.,neutral,neutral,0.7920143604278564,0.03253807872533798,0.7920143604278564,0.1754475086927414
"fairly accurate, wish the radar would update a little quicker",positive,positive,0.748176634311676,0.013095673173666,0.23872773349285126,0.748176634311676
what's up with it?,negative,negative,0.5127561688423157,0.5127561688423157,0.4163495898246765,0.070894256234169
up browser is <signature>,positive,neutral,0.47031062841415405,0.23669280111789703,0.47031062841415405,0.2929965555667877
nice app but i can't highlight my text i pressed that longer but it couldn't work please check this out,positive,neutral,0.6611592769622803,0.03202817216515541,0.6611592769622803,0.3068125247955322
love it but the radar needs future time,positive,neutral,0.5277663469314575,0.04643135517835617,0.5277663469314575,0.4258023202419281
itss ok but not good at <url>,neutral,neutral,0.8157115578651428,0.05961095914244652,0.8157115578651428,0.12467740476131439
animation does not work. really disappointed. use everyday for work. moving on to the weather channel app. never fails.,negative,negative,0.9284413456916809,0.9284413456916809,0.0595746673643589,0.011983939446508884
"maybe if the app followed material design guidelines, i would have rated it <number> stars. the controls are based on ios, so it's not easy to find your way, but overall it's a good photo app.",positive,positive,0.5421443581581116,0.018946446478366852,0.4389092028141022,0.5421443581581116
new layout v <number>,positive,neutral,0.4483400285243988,0.22543229162693024,0.4483400285243988,0.3262276351451874
it does not install,positive,negative,0.9279260039329529,0.9279260039329529,0.0616777203977108,0.010396253317594528
"its amazing app, but unfortunately after the new updation the app forced to close when importing a new photo. so please fix that bug immediately",positive,neutral,0.5253068804740906,0.03612157329916954,0.5253068804740906,0.4385715126991272
try hotel tonight - $ <number> free,neutral,neutral,0.4939017593860626,0.3847087621688843,0.4939017593860626,0.1213894635438919
"it's like <number> stars for the app, <number> star for new booking assistant. god damn it, how the hell can i just answer the message i got from a property???!!! why do i need to see <number> questions of an assistant instead, that i can not delete and that just mess up all the dialog! hate it. really hate this feature! do like everything else though.",positive,negative,0.7228859066963196,0.7228859066963196,0.2313457578420639,0.045768316835165024
been a good weather app for me! thumbs up!,positive,positive,0.6846228241920471,0.03732360899448395,0.27805355191230774,0.6846228241920471
i guess it's <url>,positive,neutral,0.5900048613548279,0.10386630147695541,0.5900048613548279,0.3061287999153137
loved it before update,neutral,negative,0.6201480627059937,0.6201480627059937,0.2794245779514313,0.10042734444141388
it is good news app but some improvement required in spelling and language.,positive,positive,0.8290644288063049,0.011540326289832592,0.159395232796669,0.8290644288063049
"as a frequent user , you should have few options as reward the client should choose between",positive,positive,0.5288389325141907,0.06014528125524521,0.4110158085823059,0.5288389325141907
no bookmark or jump to <url> really annoying,negative,neutral,0.5038881897926331,0.44030237197875977,0.5038881897926331,0.055809445679187775
app is <url> service sucks,neutral,negative,0.7784082293510437,0.7784082293510437,0.19156624376773834,0.030025560408830643
i can't use web mobile in <url>,negative,negative,0.7298616766929626,0.7298616766929626,0.24117642641067505,0.028961967676877975
the new button is super poopy.,negative,positive,0.5523902177810669,0.05061768740415573,0.3969920873641968,0.5523902177810669
"i love it, but desperately needs to save last <url> and place within that <url> a bookmarking function!",neutral,positive,0.6388312578201294,0.10280723869800568,0.25836145877838135,0.6388312578201294
"simple to use,in a straight forward easy to understand format. <signature>",positive,positive,0.895497739315033,0.01441614143550396,0.0900861844420433,0.895497739315033
i saw no last minute rates as promised on the description.,negative,neutral,0.4768979847431183,0.40337783098220825,0.4768979847431183,0.11972422897815704
if you browse like i do this is a must have. i rated it <number> stars before but now it is becoming a mess. you are killing its reputation with ads. i must wait for few seconds advert to finish before browsing.,neutral,negative,0.8242580890655518,0.8242580890655518,0.1471695750951767,0.02857230417430401
the drawer is old,negative,neutral,0.6332910060882568,0.21973872184753418,0.6332910060882568,0.1469702422618866
what a great messanger. you make us who separated a kilometers away can gather in one place. keep <url>,positive,negative,0.8568940758705139,0.8568940758705139,0.11469750106334686,0.028408437967300415
add text option please,neutral,neutral,0.48303622007369995,0.037348177284002304,0.48303622007369995,0.47961553931236267
new logo looks like swastika maybe next time dev team will worked on app ram usage?,negative,neutral,0.6100062131881714,0.07504599541425705,0.6100062131881714,0.3149477541446686
don't use. can't uninstall on tablet,neutral,negative,0.9072368741035461,0.9072368741035461,0.08160069584846497,0.011162369512021542
fast but doesn't allow you to jump to pages no good for big ebooks,neutral,neutral,0.7683664560317993,0.1372840255498886,0.7683664560317993,0.09434953331947327
how can i make a video call??,positive,neutral,0.5168769359588623,0.2255307286977768,0.5168769359588623,0.25759226083755493
easy to use and useful,positive,positive,0.897328794002533,0.012878899462521076,0.08979235589504242,0.897328794002533
"i saw this app on engadget and was excited to try it. however, the hdr mode does not work on my phone. i have a samsung galaxy s <number> edge. it is listed as one of the phones that works but the option for hdr is not available on the drop-down menu.",neutral,neutral,0.7234652042388916,0.1713055968284607,0.7234652042388916,0.10522925853729248
i was able to update and view my bookings very easily. very convenient.,positive,positive,0.8984313011169434,0.012731113471090794,0.08883758634328842,0.8984313011169434
"it lost all my progress! i had the cat tree, octopus, etc",negative,negative,0.8834647536277771,0.8834647536277771,0.09684049338102341,0.019694721326231956
best crashes ever!!!! worthless,negative,negative,0.9438618421554565,0.9438618421554565,0.0428607352077961,0.01327750738710165
radar map never loads first try.,neutral,negative,0.6201441884040833,0.6201441884040833,0.3303256034851074,0.04953021928668022
"simple to the massage, i like bbm,cause i can see when the massage have delivered n read .",positive,positive,0.8550361394882202,0.01312196720391512,0.13184192776679993,0.8550361394882202
its <url> make something <url>,neutral,neutral,0.5270649790763855,0.15522903203964233,0.5270649790763855,0.31770601868629456
this is my favorite weather app to use. i've used it since i was a teenager. the only problem i have is that the hourly forecast is almost never right which is very inconvenient for me considering i work outside. on the bright side you can look at the radar and pretty much tell what what is gonna hit you.,neutral,positive,0.7114908695220947,0.025818604975938797,0.2626905143260956,0.7114908695220947
cant connect to facebook,neutral,negative,0.8684800267219543,0.8684800267219543,0.11673140525817871,0.014788509346544743
"i like it and think it's super cute and fun, but i wish it had more such as maybe tattoos or piercings and i wish you could create outfits instead of picking an outfit",positive,positive,0.8568087220191956,0.013490109704434872,0.12970119714736938,0.8568087220191956
good for quick edits on the move,positive,positive,0.5760307312011719,0.018047917634248734,0.4059213697910309,0.5760307312011719
why the almost daily updates?,neutral,neutral,0.6434456706047058,0.1559954583644867,0.6434456706047058,0.20055893063545227
terrible. i don't need creative cloud!,negative,negative,0.9323580265045166,0.9323580265045166,0.05297454446554184,0.01466746162623167
sign up form doesn't work and this app doesnt work without an adobe account so it was just a waste of time.,negative,negative,0.9442862868309021,0.9442862868309021,0.04588552191853523,0.00982819963246584
love it but a problem?,positive,positive,0.6310402750968933,0.023478949442505836,0.3454807698726654,0.6310402750968933
does what supposed to an as far as forcast go seems good,positive,neutral,0.5304194092750549,0.02271711453795433,0.5304194092750549,0.4468635320663452
i can't import alot of my photos!,neutral,negative,0.8259543776512146,0.8259543776512146,0.1546526402235031,0.0193929560482502
horrible pdf reader. there are much better alternatives.,negative,negative,0.9398185610771179,0.9398185610771179,0.04711063206195831,0.013070754706859589
"it's great that it can read my truck's <number> , <number> page service manual right here on my phone; but i can't find anything if there is no search feature!!",neutral,positive,0.8183367252349854,0.01407671719789505,0.167586550116539,0.8183367252349854
it does logout of account after closing,positive,neutral,0.462613970041275,0.44850635528564453,0.462613970041275,0.08887960016727448
"love it. would be great if you could include options to dodge and burn images, too.",positive,positive,0.8527516722679138,0.020188549533486366,0.1270597130060196,0.8527516722679138
i don't like that i can't attach to a text in gboard. i have to go through bitmoji to send in a text. it is easier to send in iphone and i can't do friendmojis,positive,neutral,0.7866231203079224,0.11655282229185104,0.7866231203079224,0.09682409465312958
"does not work on the captivate at <url> very disapointed, it just says it has failed to read found files.",negative,negative,0.9230610728263855,0.9230610728263855,0.06628012657165527,0.010658806189894676
it's an useful app,positive,positive,0.7911083698272705,0.013092247769236565,0.1957993358373642,0.7911083698272705
is the white house in charge of it?,negative,negative,0.4722476601600647,0.4722476601600647,0.41303300857543945,0.11471936851739883
weather automation doesn't work anymore so it's stupid,negative,negative,0.8744606375694275,0.8744606375694275,0.10979468375444412,0.015744704753160477
some times its just boarding,neutral,neutral,0.7273015975952148,0.06208989396691322,0.7273015975952148,0.21060848236083984
i deplore pdfs of all kinds. <url> the only thing that can read a pdf. but this app does <url> it still sux,negative,negative,0.48756441473960876,0.48756441473960876,0.4428046941757202,0.06963085383176804
installs another app without warning,negative,negative,0.8643218874931335,0.8643218874931335,0.11698409169912338,0.018694018945097923
it's your app so you get to choose your logo. but this new one confusing my son that slack is a game and he is complaining i keep playing this game all the time but have no shame in denying his rights to play games eternally. ps: unable to view old items unless we pay is gross.,neutral,negative,0.5943989157676697,0.5943989157676697,0.3578510880470276,0.04774997755885124
"other parties doin better ""reader n even writer"" than adobe!",negative,neutral,0.6841941475868225,0.1440565586090088,0.6841941475868225,0.1717492938041687
takes too much time to load sometimes,positive,neutral,0.7511327266693115,0.12008514255285263,0.7511327266693115,0.12878218293190002
it is an interesting app that uses a lot of memory. but great communication tool,neutral,positive,0.8817671537399292,0.012385265901684761,0.10584762692451477,0.8817671537399292
it's amazing and faster then other <url>,neutral,positive,0.8437015414237976,0.015866626054048538,0.14043185114860535,0.8437015414237976
best weather app out there until it stopped working. won't load anything now. please <url>,negative,neutral,0.5294163227081299,0.03727933019399643,0.5294163227081299,0.43330439925193787
will be much better if it has read out <url>,positive,neutral,0.5990425944328308,0.03653186187148094,0.5990425944328308,0.3644254803657532
good overall but seems to have an issue of being unavailable or offline when other weather apps are working just fine providing the same info. <url> radar,positive,positive,0.5136409401893616,0.01771303452551365,0.4686460793018341,0.5136409401893616
does the camera support long exposure?,positive,neutral,0.7120251655578613,0.053906671702861786,0.7120251655578613,0.23406806588172913
i enjoy using it. i just have to play with it more to get more experience,positive,positive,0.8429432511329651,0.023243198171257973,0.1338135153055191,0.8429432511329651
it helps me a lot,positive,positive,0.787112832069397,0.019955473020672798,0.19293168187141418,0.787112832069397
not bad at all. great improvement.,positive,positive,0.6613521575927734,0.01967328041791916,0.3189745545387268,0.6613521575927734
plenty of unnessary ads,negative,neutral,0.586313784122467,0.2750689387321472,0.586313784122467,0.13861730694770813
the news feed so annoying please avoid this type of <url> or add a button for stop news <url>,negative,neutral,0.7384777665138245,0.09483713656663895,0.7384777665138245,0.1666850447654724
can be a bit complicated and in your face but it does a good job and is well supported by venues.,positive,neutral,0.5046393275260925,0.01835387945175171,0.5046393275260925,0.47700682282447815
i liked it. no reply on mobile though.,positive,neutral,0.6374290585517883,0.038848988711833954,0.6374290585517883,0.3237219452857971
"works perfectly with snapchat, i hope soon it has more goth/alternative outfits and options for piercings and ear spacers. love the new hair options!",positive,positive,0.920331597328186,0.014617457054555416,0.06505095213651657,0.920331597328186
"it used to be a <number> star app but not every time i try to open it it crashes, please fix this asap",negative,negative,0.7040886878967285,0.7040886878967285,0.25422608852386475,0.04168519005179405
where's the support?,negative,neutral,0.5011510848999023,0.3411564826965332,0.5011510848999023,0.15769241750240326
i think nice but mobile hang krta h,neutral,positive,0.5578516125679016,0.018862726166844368,0.4232856333255768,0.5578516125679016
please add fonts in this app to write . <signature>,neutral,positive,0.5013396739959717,0.10038259625434875,0.3982776999473572,0.5013396739959717
"worked once, then has never worked again.",negative,negative,0.8621060848236084,0.8621060848236084,0.11111929267644882,0.026774661615490913
fix the radar! what is taking so long? i'm very close to deleting this app for good. i doubt i'm alone!,negative,negative,0.6827548146247864,0.6827548146247864,0.27215075492858887,0.04509444162249565
it is good aap for searching and downloading <url>,positive,positive,0.6490120887756348,0.015449024736881256,0.3355388939380646,0.6490120887756348
while controlling shutter speed whole app is getting freezed.,neutral,negative,0.7770260572433472,0.7770260572433472,0.19168825447559357,0.031285643577575684
"no full language support. what a shame, adobe.",negative,negative,0.9350829124450684,0.9350829124450684,0.05317160487174988,0.01174551248550415
it's nice <url>,neutral,positive,0.6988585591316223,0.014444990083575249,0.2866964638233185,0.6988585591316223
"this app is not at all what i had expected. it is very hard to use. at the beggining, you get small info about one fature of the app. once you start to use it, the purpose just gets confusing, how does the tree grow? is the time a stopclock, a timer, im so confused! please improve this app to be more user friendly!",negative,negative,0.5814991593360901,0.5814991593360901,0.37804532051086426,0.040455497801303864
lost status bar info,neutral,negative,0.7812637686729431,0.7812637686729431,0.17948991060256958,0.03924635425209999
it was fine before i was forced to update.,neutral,neutral,0.5644134879112244,0.30376195907592773,0.5644134879112244,0.13182450830936432
